{
	"editor": {
		"collapsedPaths": "Root/origin/floor/Cube6",
		"allAngles": true,
		"entityTextureMode": true
	},
	"textureWidth": 16,
	"textureHeight": 16,
	"textureSizes": {
	},
	"textures": {
		"accessories": "entity/rust/mimic/aged-accessories",
		"lid": "entity/rust/mimic/aged-lid",
		"floor": "entity/rust/mimic/aged-lid",
		"sides2": "entity/rust/mimic/aged-sides"
	},
	"elements": [
		{
			"name": "origin",
			"from": [ 0.0, 0.0, 0.0 ],
			"to": [ 0.0, 0.0, 0.0 ],
			"uv": [ 999.0, 999.0 ],
			"rotationOrigin": [ 8.0, 0.0, 8.0 ],
			"rotationY": -90.0,
			"faces": {
			},
			"children": [
				{
					"name": "floor",
					"from": [ 2.0, 1.0, 2.0 ],
					"to": [ 14.0, 2.0, 13.0 ],
					"uv": [ 1.0, 2.0 ],
					"rotationOrigin": [ 1.0, 1.0, 1.0 ],
					"faces": {
						"up": { "texture": "#floor", "uv": [ 1.0, 3.5, 13.0, 14.5 ] },
						"down": { "texture": "#floor", "uv": [ 1.0, 2.0, 13.0, 13.0 ], "windMode": [-1,-1,-1,-1] }
					},
					"children": [
						{
							"name": "S",
							"from": [ -1.0, 0.0, 11.0 ],
							"to": [ 13.0, 10.0, 12.0 ],
							"uv": [ 0.0, 2.0 ],
							"rotationOrigin": [ -2.0, -1.0, -1.0 ],
							"faces": {
								"north": { "texture": "#lid", "uv": [ 0.5, 4.0, 14.5, 14.0 ] },
								"east": { "texture": "#sides2", "uv": [ 0.0, 2.0, 1.0, 12.0 ] },
								"south": { "texture": "#sides2", "uv": [ 0.0, 2.0, 14.0, 12.0 ] },
								"west": { "texture": "#sides2", "uv": [ 13.0, 2.0, 14.0, 12.0 ] },
								"up": { "texture": "#lid", "uv": [ 2.0, 9.0, 16.0, 10.0 ] },
								"down": { "texture": "#sides2", "uv": [ 2.0, 3.0, 16.0, 4.0 ] }
							}
						},
						{
							"name": "W",
							"from": [ -1.0, 0.0, 0.0 ],
							"to": [ 0.0, 10.0, 11.0 ],
							"uv": [ 1.0, 2.0 ],
							"rotationOrigin": [ -2.0, -1.0, -2.0 ],
							"faces": {
								"east": { "texture": "#lid", "uv": [ 1.5, 2.0, 12.5, 12.0 ] },
								"west": { "texture": "#sides2", "uv": [ 1.5, 2.0, 12.5, 12.0 ] },
								"up": { "texture": "#lid", "uv": [ 4.5, 9.0, 15.5, 10.0 ], "rotation": 90 },
								"down": { "texture": "#sides2", "uv": [ 1.0, 2.0, 2.0, 13.0 ] }
							},
							"children": [
								{
									"name": "L holder",
									"from": [ -0.5, 7.0, 3.0 ],
									"to": [ 0.0, 8.5, 4.5 ],
									"uv": [ 0.0, 0.5 ],
									"rotationOrigin": [ 4.0, 9.0, -10.0 ],
									"faces": {
										"north": { "texture": "#accessories", "uv": [ 0.0, 1.0, 0.5, 2.5 ] },
										"south": { "texture": "#accessories", "uv": [ 4.0, 1.0, 4.5, 2.5 ] },
										"west": { "texture": "#accessories", "uv": [ 1.0, 0.5, 2.5, 2.0 ] },
										"up": { "texture": "#accessories", "uv": [ 4.0, 1.0, 4.5, 2.5 ] },
										"down": { "texture": "#accessories", "uv": [ 0.0, 1.5, 0.5, 3.0 ] }
									}
								},
								{
									"name": "R holder",
									"from": [ -0.5, 7.0, 6.5 ],
									"to": [ 0.0, 8.5, 8.0 ],
									"uv": [ 0.0, 0.0 ],
									"rotationOrigin": [ 4.0, 9.0, -6.5 ],
									"faces": {
										"north": { "texture": "#accessories", "uv": [ 0.0, 1.0, 0.5, 2.5 ] },
										"south": { "texture": "#accessories", "uv": [ 4.0, 0.5, 4.5, 2.0 ] },
										"west": { "texture": "#accessories", "uv": [ 0.5, 1.0, 2.0, 2.5 ] },
										"up": { "texture": "#accessories", "uv": [ 0.0, 1.0, 0.5, 2.5 ] },
										"down": { "texture": "#accessories", "uv": [ 0.0, 0.0, 0.5, 1.5 ] }
									}
								},
								{
									"name": "handle 1",
									"from": [ -1.0, 7.5, 3.5 ],
									"to": [ -0.5, 8.0, 7.5 ],
									"uv": [ 0.0, 1.0 ],
									"rotationOrigin": [ 3.5, 9.5, -9.5 ],
									"faces": {
										"north": { "texture": "#accessories", "uv": [ 2.5, 3.0, 3.0, 3.5 ] },
										"east": { "texture": "#accessories", "uv": [ 0.0, 3.0, 4.0, 3.5 ] },
										"south": { "texture": "#accessories", "uv": [ 4.0, 2.5, 4.5, 3.0 ] },
										"west": { "texture": "#accessories", "uv": [ 0.0, 3.0, 4.0, 3.5 ] },
										"up": { "texture": "#accessories", "uv": [ 0.0, 1.0, 4.0, 1.5 ], "rotation": 90 },
										"down": { "texture": "#accessories", "uv": [ 0.0, 2.5, 4.0, 3.0 ], "rotation": 90 }
									}
								}
							]
						},
						{
							"name": "E",
							"from": [ 12.0, 0.0, 0.0 ],
							"to": [ 13.0, 10.0, 11.0 ],
							"uv": [ 1.0, 1.5 ],
							"rotationOrigin": [ 0.0, -1.0, -2.0 ],
							"faces": {
								"east": { "texture": "#sides2", "uv": [ 1.5, 2.0, 12.5, 12.0 ] },
								"west": { "texture": "#lid", "uv": [ 1.5, 2.0, 12.5, 12.0 ] },
								"up": { "texture": "#lid", "uv": [ 1.0, 1.5, 12.0, 2.5 ], "rotation": 90 },
								"down": { "texture": "#sides2", "uv": [ 1.0, 2.0, 2.0, 13.0 ] }
							},
							"children": [
								{
									"name": "L holder1",
									"from": [ 1.0, 7.0, 3.0 ],
									"to": [ 1.5, 8.5, 4.5 ],
									"uv": [ 0.0, 1.0 ],
									"rotationOrigin": [ 1.0, 8.5, 3.0 ],
									"faces": {
										"north": { "texture": "#accessories", "uv": [ 0.0, 1.0, 0.5, 2.5 ] },
										"east": { "texture": "#accessories", "uv": [ 0.5, 1.0, 2.0, 2.5 ] },
										"south": { "texture": "#accessories", "uv": [ 4.0, 1.0, 4.5, 2.5 ] },
										"up": { "texture": "#accessories", "uv": [ 4.0, 1.0, 4.5, 2.5 ] },
										"down": { "texture": "#accessories", "uv": [ 0.0, 1.5, 0.5, 3.0 ] }
									}
								},
								{
									"name": "R holder2",
									"from": [ 1.0, 7.0, 6.5 ],
									"to": [ 1.5, 8.5, 8.0 ],
									"uv": [ 0.0, 0.0 ],
									"rotationOrigin": [ 1.0, 8.5, 8.0 ],
									"faces": {
										"north": { "texture": "#accessories", "uv": [ 0.0, 1.0, 0.5, 2.5 ] },
										"east": { "texture": "#accessories", "uv": [ 1.5, 1.5, 3.0, 3.0 ] },
										"south": { "texture": "#accessories", "uv": [ 4.0, 0.5, 4.5, 2.0 ] },
										"up": { "texture": "#accessories", "uv": [ 0.0, 1.0, 0.5, 2.5 ] },
										"down": { "texture": "#accessories", "uv": [ 0.0, 0.0, 0.5, 1.5 ] }
									}
								},
								{
									"name": "handle 2",
									"from": [ 1.5, 7.5, 3.5 ],
									"to": [ 2.0, 8.0, 7.5 ],
									"uv": [ 0.0, 1.0 ],
									"rotationOrigin": [ 2.0, 7.5, 3.5 ],
									"faces": {
										"north": { "texture": "#accessories", "uv": [ 2.5, 3.0, 3.0, 3.5 ] },
										"east": { "texture": "#accessories", "uv": [ 0.0, 3.0, 4.0, 3.5 ] },
										"south": { "texture": "#accessories", "uv": [ 4.0, 2.5, 4.5, 3.0 ] },
										"west": { "texture": "#accessories", "uv": [ 0.0, 3.0, 4.0, 3.5 ] },
										"up": { "texture": "#accessories", "uv": [ 0.0, 1.0, 4.0, 1.5 ], "rotation": 90 },
										"down": { "texture": "#accessories", "uv": [ 0.0, 2.5, 4.0, 3.0 ], "rotation": 90 }
									}
								}
							]
						},
						{
							"name": "N",
							"from": [ -1.0, 0.0, -1.0 ],
							"to": [ 13.0, 10.0, 0.0 ],
							"uv": [ 0.0, 2.0 ],
							"rotationOrigin": [ -2.0, -1.0, -2.0 ],
							"faces": {
								"north": { "texture": "#sides2", "uv": [ 0.0, 2.0, 14.0, 12.0 ] },
								"east": { "texture": "#sides2", "uv": [ 13.0, 2.0, 14.0, 12.0 ] },
								"south": { "texture": "#lid", "uv": [ 1.0, 2.0, 15.0, 12.0 ] },
								"west": { "texture": "#sides2", "uv": [ 0.0, 2.0, 1.0, 12.0 ] },
								"up": { "texture": "#lid", "uv": [ 2.0, 4.0, 16.0, 5.0 ], "rotation": 180 },
								"down": { "texture": "#sides2", "uv": [ 1.0, 4.0, 15.0, 5.0 ] }
							},
							"children": [
								{
									"name": "hinge 1",
									"from": [ 2.5, 9.0, 0.8 ],
									"to": [ 3.5, 11.0, 1.3 ],
									"uv": [ 0.0, 0.0 ],
									"rotationOrigin": [ 3.0, 9.0, 1.1 ],
									"faces": {
										"north": { "texture": "#accessories", "uv": [ 0.0, 0.0, 1.0, 2.0 ] },
										"east": { "texture": "#accessories", "uv": [ 0.0, 0.0, 0.5, 2.0 ] },
										"south": { "texture": "#accessories", "uv": [ 0.0, 0.0, 1.0, 2.0 ] },
										"west": { "texture": "#accessories", "uv": [ 0.0, 0.0, 0.5, 2.0 ] },
										"up": { "texture": "#accessories", "uv": [ 0.0, 0.0, 1.0, 0.5 ] },
										"down": { "texture": "#accessories", "uv": [ 0.0, 0.0, 1.0, 0.5 ] }
									}
								},
								{
									"name": "hinge 2",
									"from": [ 10.5, 9.0, 0.8 ],
									"to": [ 11.5, 11.0, 1.3 ],
									"uv": [ 0.0, 0.0 ],
									"rotationOrigin": [ 11.0, 9.0, 1.1 ],
									"faces": {
										"north": { "texture": "#accessories", "uv": [ 0.0, 0.0, 1.0, 2.0 ] },
										"east": { "texture": "#accessories", "uv": [ 0.0, 0.0, 0.5, 2.0 ] },
										"south": { "texture": "#accessories", "uv": [ 0.0, 0.0, 1.0, 2.0 ] },
										"west": { "texture": "#accessories", "uv": [ 0.0, 0.0, 0.5, 2.0 ] },
										"up": { "texture": "#accessories", "uv": [ 0.0, 0.0, 1.0, 0.5 ] },
										"down": { "texture": "#accessories", "uv": [ 0.0, 0.0, 1.0, 0.5 ] }
									}
								}
							]
						},
						{
							"name": "feet 1",
							"from": [ -1.0, -1.0, -1.0 ],
							"to": [ 1.0, 0.0, 1.0 ],
							"uv": [ 0.0, 12.0 ],
							"rotationOrigin": [ -1.0, -1.0, -1.0 ],
							"faces": {
								"north": { "texture": "#sides2", "uv": [ 0.0, 12.0, 2.0, 13.0 ] },
								"east": { "texture": "#sides2", "uv": [ 2.0, 12.0, 4.0, 13.0 ] },
								"south": { "texture": "#sides2", "uv": [ 2.5, 12.0, 4.5, 13.0 ] },
								"west": { "texture": "#sides2", "uv": [ 3.5, 12.0, 5.5, 13.0 ] },
								"down": { "texture": "#sides2", "uv": [ 0.0, 14.0, 2.0, 16.0 ] }
							},
							"children": [
								{
									"name": "Cube14",
									"from": [ 2.0, 0.5, 0.0 ],
									"to": [ 3.5, 1.0, 1.0 ],
									"uv": [ 1.0, 12.0 ],
									"rotationOrigin": [ 2.0, 0.5, 0.0 ],
									"faces": {
										"north": { "texture": "#sides2", "uv": [ 1.0, 12.0, 2.5, 12.5 ] },
										"east": { "texture": "#sides2", "uv": [ 2.5, 12.0, 3.5, 12.5 ] },
										"south": { "texture": "#sides2", "uv": [ 6.5, 12.0, 8.0, 12.5 ] },
										"down": { "texture": "#sides2", "uv": [ 6.0, 12.0, 7.5, 13.0 ] }
									}
								},
								{
									"name": "Cube15",
									"from": [ 0.0, 0.5, 2.0 ],
									"to": [ 1.0, 1.0, 3.5 ],
									"uv": [ 0.0, 12.0 ],
									"rotationOrigin": [ 0.0, 0.5, 2.0 ],
									"faces": {
										"east": { "texture": "#sides2", "uv": [ 0.0, 12.0, 1.5, 12.5 ] },
										"south": { "texture": "#sides2", "uv": [ 1.5, 12.0, 2.5, 12.5 ] },
										"west": { "texture": "#sides2", "uv": [ 2.5, 12.0, 4.0, 12.5 ] },
										"down": { "texture": "#sides2", "uv": [ 0.0, 14.5, 1.0, 16.0 ] }
									}
								}
							]
						},
						{
							"name": "feet 16",
							"from": [ 11.0, -1.0, -1.0 ],
							"to": [ 13.0, 0.0, 1.0 ],
							"uv": [ 0.0, 12.0 ],
							"rotationOrigin": [ 11.0, -1.0, -1.0 ],
							"faces": {
								"north": { "texture": "#sides2", "uv": [ 1.5, 12.0, 3.5, 13.0 ] },
								"east": { "texture": "#sides2", "uv": [ 6.0, 12.0, 8.0, 13.0 ] },
								"south": { "texture": "#sides2", "uv": [ 9.5, 12.0, 11.5, 13.0 ] },
								"west": { "texture": "#sides2", "uv": [ 10.0, 12.0, 12.0, 13.0 ] },
								"down": { "texture": "#sides2", "uv": [ 0.0, 14.0, 2.0, 16.0 ] }
							},
							"children": [
								{
									"name": "Cube17",
									"from": [ -1.5, 0.5, 0.0 ],
									"to": [ 0.0, 1.0, 1.0 ],
									"uv": [ 2.5, 12.0 ],
									"rotationOrigin": [ -1.5, 0.5, 0.0 ],
									"faces": {
										"north": { "texture": "#sides2", "uv": [ 2.5, 12.5, 4.0, 13.0 ] },
										"south": { "texture": "#sides2", "uv": [ 8.5, 13.0, 10.0, 13.5 ] },
										"west": { "texture": "#sides2", "uv": [ 10.0, 12.0, 11.0, 12.5 ] },
										"down": { "texture": "#sides2", "uv": [ 4.5, 12.0, 6.0, 13.0 ] }
									}
								},
								{
									"name": "Cube18",
									"from": [ 1.0, 0.5, 2.0 ],
									"to": [ 2.0, 1.0, 3.5 ],
									"uv": [ 1.5, 12.0 ],
									"rotationOrigin": [ 1.0, 0.5, 2.0 ],
									"faces": {
										"east": { "texture": "#sides2", "uv": [ 4.5, 12.0, 6.0, 12.5 ] },
										"south": { "texture": "#sides2", "uv": [ 14.5, 12.0, 15.5, 12.5 ] },
										"west": { "texture": "#sides2", "uv": [ 3.0, 12.0, 4.5, 12.5 ] },
										"down": { "texture": "#sides2", "uv": [ 1.5, 15.0, 3.0, 16.0 ], "rotation": 90 }
									}
								}
							]
						},
						{
							"name": "feet 19",
							"from": [ 11.0, -1.0, 10.0 ],
							"to": [ 13.0, 0.0, 12.0 ],
							"uv": [ 0.0, 12.0 ],
							"rotationOrigin": [ 11.0, -1.0, 10.0 ],
							"faces": {
								"north": { "texture": "#sides2", "uv": [ 8.5, 12.0, 10.5, 13.0 ] },
								"east": { "texture": "#sides2", "uv": [ 6.0, 12.0, 8.0, 13.0 ] },
								"south": { "texture": "#sides2", "uv": [ 4.5, 12.0, 6.5, 13.0 ] },
								"west": { "texture": "#sides2", "uv": [ 6.0, 12.0, 8.0, 13.0 ] },
								"down": { "texture": "#sides2", "uv": [ 0.0, 14.0, 2.0, 16.0 ] }
							},
							"children": [
								{
									"name": "Cube20",
									"from": [ -1.5, 0.5, 1.0 ],
									"to": [ 0.0, 1.0, 2.0 ],
									"uv": [ 0.0, 12.0 ],
									"rotationOrigin": [ -1.5, 0.5, 1.0 ],
									"faces": {
										"north": { "texture": "#sides2", "uv": [ 5.5, 12.0, 7.0, 12.5 ] },
										"south": { "texture": "#sides2", "uv": [ 5.0, 12.0, 6.5, 12.5 ] },
										"west": { "texture": "#sides2", "uv": [ 2.5, 12.0, 3.5, 12.5 ] },
										"down": { "texture": "#sides2", "uv": [ 0.0, 12.0, 1.5, 13.0 ] }
									}
								},
								{
									"name": "Cube21",
									"from": [ 1.0, 0.5, -1.5 ],
									"to": [ 2.0, 1.0, 0.0 ],
									"uv": [ 1.0, 12.0 ],
									"rotationOrigin": [ 1.0, 0.5, -1.5 ],
									"faces": {
										"north": { "texture": "#sides2", "uv": [ 10.0, 12.0, 11.0, 12.5 ] },
										"east": { "texture": "#sides2", "uv": [ 6.0, 12.0, 7.5, 12.5 ] },
										"west": { "texture": "#sides2", "uv": [ 1.0, 12.0, 2.5, 12.5 ] },
										"down": { "texture": "#sides2", "uv": [ 2.0, 12.0, 3.5, 13.0 ], "rotation": 90 }
									}
								}
							]
						},
						{
							"name": "feet 22",
							"from": [ -1.0, -1.0, 10.0 ],
							"to": [ 1.0, 0.0, 12.0 ],
							"uv": [ 0.0, 12.0 ],
							"rotationOrigin": [ -1.0, -1.0, 10.0 ],
							"faces": {
								"north": { "texture": "#sides2", "uv": [ 5.5, 12.0, 7.5, 13.0 ] },
								"east": { "texture": "#sides2", "uv": [ 6.5, 12.0, 8.5, 13.0 ] },
								"south": { "texture": "#sides2", "uv": [ 4.0, 12.0, 6.0, 13.0 ] },
								"west": { "texture": "#sides2", "uv": [ 1.5, 12.0, 3.5, 13.0 ] },
								"down": { "texture": "#sides2", "uv": [ 0.0, 14.0, 2.0, 16.0 ] }
							},
							"children": [
								{
									"name": "Cube23",
									"from": [ 2.0, 0.5, 1.0 ],
									"to": [ 3.5, 1.0, 2.0 ],
									"uv": [ 0.5, 12.0 ],
									"rotationOrigin": [ 2.0, 0.5, 1.0 ],
									"faces": {
										"north": { "texture": "#sides2", "uv": [ 6.0, 12.0, 7.5, 12.5 ] },
										"east": { "texture": "#sides2", "uv": [ 0.5, 12.0, 1.5, 12.5 ] },
										"south": { "texture": "#sides2", "uv": [ 9.0, 12.0, 10.5, 12.5 ] },
										"down": { "texture": "#sides2", "uv": [ 0.5, 12.0, 2.0, 13.0 ] }
									}
								},
								{
									"name": "Cube24",
									"from": [ 0.0, 0.5, -1.5 ],
									"to": [ 1.0, 1.0, 0.0 ],
									"uv": [ 2.0, 11.5 ],
									"rotationOrigin": [ 0.0, 0.5, -1.5 ],
									"faces": {
										"north": { "texture": "#sides2", "uv": [ 4.5, 12.0, 5.5, 12.5 ] },
										"east": { "texture": "#sides2", "uv": [ 4.5, 11.5, 6.0, 12.0 ] },
										"west": { "texture": "#sides2", "uv": [ 3.5, 12.0, 5.0, 12.5 ] },
										"down": { "texture": "#sides2", "uv": [ 2.0, 14.5, 3.5, 15.5 ], "rotation": 90 }
									}
								}
							]
						},
						{
							"name": "Cube10",
							"from": [ -1.8, -1.6, 9.2 ],
							"to": [ 0.2, 8.4, 11.2 ],
							"uv": [ 0.0, 0.0 ],
							"rotationOrigin": [ -1.8, 8.4, 9.2 ],
							"rotationX": -105.0,
							"rotationY": 44.0,
							"rotationZ": -36.0,
							"faces": {
								"north": { "texture": "#sides2", "uv": [ 0.0, 0.0, 2.0, 10.0 ] },
								"east": { "texture": "#sides2", "uv": [ 0.0, 0.0, 2.0, 10.0 ] },
								"south": { "texture": "#sides2", "uv": [ 0.0, 0.0, 2.0, 10.0 ] },
								"west": { "texture": "#sides2", "uv": [ 0.0, 0.0, 2.0, 10.0 ] },
								"up": { "texture": "#sides2", "uv": [ 0.0, 0.0, 2.0, 2.0 ] },
								"down": { "texture": "#sides2", "uv": [ 0.0, 0.0, 2.0, 2.0 ] }
							},
							"children": [
								{
									"name": "Cube11",
									"from": [ 1.7574, 0.1461, 1.4186 ],
									"to": [ 3.7574, 10.1461, 3.4186 ],
									"uv": [ 0.0, 0.0 ],
									"rotationOrigin": [ 1.7574, 0.1461, 1.4186 ],
									"rotationX": 172.752,
									"rotationY": -67.703,
									"rotationZ": -82.509,
									"faces": {
										"north": { "texture": "#sides2", "uv": [ 0.0, 0.0, 2.0, 10.0 ] },
										"east": { "texture": "#sides2", "uv": [ 0.0, 0.0, 2.0, 10.0 ] },
										"south": { "texture": "#sides2", "uv": [ 0.0, 0.0, 2.0, 10.0 ] },
										"west": { "texture": "#sides2", "uv": [ 0.0, 0.0, 2.0, 10.0 ] },
										"up": { "texture": "#sides2", "uv": [ 0.0, 0.0, 2.0, 2.0 ] },
										"down": { "texture": "#sides2", "uv": [ 0.0, 0.0, 2.0, 2.0 ] }
									},
									"children": [
										{
											"name": "Cube12",
											"from": [ 0.49, 9.85, 0.11 ],
											"to": [ 2.49, 19.85, 2.11 ],
											"uv": [ 0.0, 0.0 ],
											"rotationOrigin": [ 0.4867, 9.8484, 0.1138 ],
											"rotationX": -2.898,
											"rotationY": -6.0,
											"rotationZ": -53.0,
											"faces": {
												"north": { "texture": "#sides2", "uv": [ 0.0, 0.0, 2.0, 10.0 ] },
												"east": { "texture": "#sides2", "uv": [ 0.0, 0.0, 2.0, 10.0 ] },
												"south": { "texture": "#sides2", "uv": [ 0.0, 0.0, 2.0, 10.0 ] },
												"west": { "texture": "#sides2", "uv": [ 0.0, 0.0, 2.0, 10.0 ] },
												"up": { "texture": "#sides2", "uv": [ 0.0, 0.0, 2.0, 2.0 ] },
												"down": { "texture": "#sides2", "uv": [ 0.0, 0.0, 2.0, 2.0 ] }
											}
										}
									]
								}
							]
						},
						{
							"name": "Cube13",
							"from": [ 12.2, -1.6, 11.2 ],
							"to": [ 14.2, 8.4, 13.2 ],
							"uv": [ 0.0, 0.0 ],
							"rotationOrigin": [ 12.2, 8.4, 11.2 ],
							"rotationX": -119.0,
							"rotationY": -17.0,
							"rotationZ": 33.0,
							"faces": {
								"north": { "texture": "#sides2", "uv": [ 0.0, 0.0, 2.0, 10.0 ] },
								"east": { "texture": "#sides2", "uv": [ 0.0, 0.0, 2.0, 10.0 ] },
								"south": { "texture": "#sides2", "uv": [ 0.0, 0.0, 2.0, 10.0 ] },
								"west": { "texture": "#sides2", "uv": [ 0.0, 0.0, 2.0, 10.0 ] },
								"up": { "texture": "#sides2", "uv": [ 0.0, 0.0, 2.0, 2.0 ] },
								"down": { "texture": "#sides2", "uv": [ 0.0, 0.0, 2.0, 2.0 ] }
							},
							"children": [
								{
									"name": "Cube16",
									"from": [ 1.7574, 0.1461, 1.4186 ],
									"to": [ 3.7574, 10.1461, 3.4186 ],
									"uv": [ 0.0, 0.0 ],
									"rotationOrigin": [ 1.7574, 0.1461, 1.4186 ],
									"rotationX": 172.752,
									"rotationY": -67.703,
									"rotationZ": -82.509,
									"faces": {
										"north": { "texture": "#sides2", "uv": [ 0.0, 0.0, 2.0, 10.0 ] },
										"east": { "texture": "#sides2", "uv": [ 0.0, 0.0, 2.0, 10.0 ] },
										"south": { "texture": "#sides2", "uv": [ 0.0, 0.0, 2.0, 10.0 ] },
										"west": { "texture": "#sides2", "uv": [ 0.0, 0.0, 2.0, 10.0 ] },
										"up": { "texture": "#sides2", "uv": [ 0.0, 0.0, 2.0, 2.0 ] },
										"down": { "texture": "#sides2", "uv": [ 0.0, 0.0, 2.0, 2.0 ] }
									},
									"children": [
										{
											"name": "Cube19",
											"from": [ 0.49, 9.85, 0.11 ],
											"to": [ 2.49, 19.85, 2.11 ],
											"uv": [ 0.0, 0.0 ],
											"rotationOrigin": [ 0.4867, 9.8484, 0.1138 ],
											"rotationX": -2.898,
											"rotationY": -6.0,
											"rotationZ": -53.0,
											"faces": {
												"north": { "texture": "#sides2", "uv": [ 0.0, 0.0, 2.0, 10.0 ] },
												"east": { "texture": "#sides2", "uv": [ 0.0, 0.0, 2.0, 10.0 ] },
												"south": { "texture": "#sides2", "uv": [ 0.0, 0.0, 2.0, 10.0 ] },
												"west": { "texture": "#sides2", "uv": [ 0.0, 0.0, 2.0, 10.0 ] },
												"up": { "texture": "#sides2", "uv": [ 0.0, 0.0, 2.0, 2.0 ] },
												"down": { "texture": "#sides2", "uv": [ 0.0, 0.0, 2.0, 2.0 ] }
											}
										}
									]
								}
							]
						},
						{
							"name": "Cube6",
							"from": [ 11.8, 3.0, 7.2 ],
							"to": [ 12.8, 7.0, 8.2 ],
							"uv": [ 0.0, 0.0 ],
							"rotationOrigin": [ 7.8, 8.0, 11.2 ],
							"rotationX": -42.0,
							"rotationY": 45.0,
							"rotationZ": -180.0,
							"faces": {
								"north": { "texture": "#sides2", "uv": [ 0.0, 0.0, 1.0, 4.0 ] },
								"east": { "texture": "#sides2", "uv": [ 0.0, 0.0, 1.0, 4.0 ] },
								"south": { "texture": "#sides2", "uv": [ 0.0, 0.0, 1.0, 4.0 ] },
								"west": { "texture": "#sides2", "uv": [ 0.0, 0.0, 1.0, 4.0 ] },
								"up": { "texture": "#sides2", "uv": [ 0.0, 0.0, 1.0, 1.0 ] },
								"down": { "texture": "#sides2", "uv": [ 0.0, 0.0, 1.0, 1.0 ] }
							},
							"children": [
								{
									"name": "Cube7",
									"from": [ -4.0974, -1.81, 4.8121 ],
									"to": [ -2.7974, 4.19, 6.1121 ],
									"uv": [ 0.0, 0.0 ],
									"rotationOrigin": [ -4.0974, -1.8141, 4.8121 ],
									"rotationX": -49.446,
									"rotationY": 77.21,
									"rotationZ": 41.612,
									"faces": {
										"north": { "texture": "#sides2", "uv": [ 0.0, 0.0, 1.0, 6.0 ] },
										"east": { "texture": "#sides2", "uv": [ 0.0, 0.0, 1.0, 6.0 ] },
										"south": { "texture": "#sides2", "uv": [ 0.0, 0.0, 1.0, 6.0 ] },
										"west": { "texture": "#sides2", "uv": [ 0.0, 0.0, 1.0, 6.0 ] },
										"up": { "texture": "#sides2", "uv": [ 0.0, 0.0, 1.0, 1.0 ] },
										"down": { "texture": "#sides2", "uv": [ 0.0, 0.0, 1.0, 1.0 ] }
									}
								},
								{
									"name": "Cube8",
									"from": [ -1.17, -1.0, 3.0726 ],
									"to": [ 0.13, 5.0, 4.3726 ],
									"uv": [ 0.0, 0.0 ],
									"rotationOrigin": [ -1.17, -0.9997, 3.0726 ],
									"rotationX": -179.368,
									"rotationY": 44.107,
									"rotationZ": 176.556,
									"faces": {
										"north": { "texture": "#sides2", "uv": [ 0.0, 0.0, 1.0, 6.0 ] },
										"east": { "texture": "#sides2", "uv": [ 0.0, 0.0, 1.0, 6.0 ] },
										"south": { "texture": "#sides2", "uv": [ 0.0, 0.0, 1.0, 6.0 ] },
										"west": { "texture": "#sides2", "uv": [ 0.0, 0.0, 1.0, 6.0 ] },
										"up": { "texture": "#sides2", "uv": [ 0.0, 0.0, 1.0, 1.0 ] },
										"down": { "texture": "#sides2", "uv": [ 0.0, 0.0, 1.0, 1.0 ] }
									}
								},
								{
									"name": "Cube9",
									"from": [ -5.3339, 0.0521, 5.8384 ],
									"to": [ -4.3339, 4.0521, 6.8384 ],
									"uv": [ 0.0, 0.0 ],
									"rotationOrigin": [ -5.3339, 0.0521, 5.8384 ],
									"rotationX": -2.684,
									"rotationY": -30.149,
									"rotationZ": 7.349,
									"faces": {
										"north": { "texture": "#sides2", "uv": [ 0.0, 0.0, 1.0, 4.0 ] },
										"east": { "texture": "#sides2", "uv": [ 0.0, 0.0, 1.0, 4.0 ] },
										"south": { "texture": "#sides2", "uv": [ 0.0, 0.0, 1.0, 4.0 ] },
										"west": { "texture": "#sides2", "uv": [ 0.0, 0.0, 1.0, 4.0 ] },
										"up": { "texture": "#sides2", "uv": [ 0.0, 0.0, 1.0, 1.0 ] },
										"down": { "texture": "#sides2", "uv": [ 0.0, 0.0, 1.0, 1.0 ] }
									}
								}
							]
						}
					]
				},
				{
					"name": "lid",
					"from": [ 2.0, 12.0, 2.0 ],
					"to": [ 14.0, 13.0, 13.0 ],
					"uv": [ 0.0, 0.0 ],
					"rotationOrigin": [ 8.0, 11.0, 1.0 ],
					"rotationX": -67.5,
					"faces": {
						"up": { "texture": "#lid", "uv": [ 0.0, 0.0, 12.0, 11.0 ] },
						"down": { "texture": "#lid", "uv": [ 0.0, 0.0, 12.0, 11.0 ], "rotation": 180 }
					},
					"children": [
						{
							"name": "West",
							"from": [ -1.0, -1.0, 0.0 ],
							"to": [ 0.0, 1.0, 11.0 ],
							"uv": [ 0.0, 0.0 ],
							"rotationOrigin": [ -1.0, -1.0, 0.0 ],
							"faces": {
								"east": { "texture": "#sides2", "uv": [ 1.0, 11.0, 12.0, 13.0 ] },
								"west": { "texture": "#sides2", "uv": [ 1.5, 0.0, 12.5, 2.0 ] },
								"up": { "texture": "#sides2", "uv": [ 0.0, 0.0, 1.0, 11.0 ] },
								"down": { "texture": "#sides2", "uv": [ 3.5, 12.5, 14.5, 13.5 ], "rotation": 90 }
							}
						},
						{
							"name": "East",
							"from": [ 12.0, -1.0, 0.0 ],
							"to": [ 13.0, 1.0, 11.0 ],
							"uv": [ 1.5, 0.0 ],
							"rotationOrigin": [ 12.0, -1.0, 0.0 ],
							"faces": {
								"east": { "texture": "#sides2", "uv": [ 1.5, 0.0, 12.5, 2.0 ] },
								"west": { "texture": "#sides2", "uv": [ 3.0, 11.0, 14.0, 13.0 ] },
								"up": { "texture": "#sides2", "uv": [ 13.0, 0.0, 14.0, 11.0 ] },
								"down": { "texture": "#sides2", "uv": [ 2.5, 13.5, 13.5, 14.5 ], "rotation": 90 }
							}
						},
						{
							"name": "North",
							"from": [ -1.0, -1.0, -1.0 ],
							"to": [ 13.0, 1.0, 0.0 ],
							"uv": [ 0.0, 0.0 ],
							"rotationOrigin": [ -1.0, -1.0, -1.0 ],
							"faces": {
								"north": { "texture": "#sides2", "uv": [ 0.0, 0.0, 14.0, 2.0 ] },
								"east": { "texture": "#sides2", "uv": [ 13.0, 0.0, 14.0, 2.0 ] },
								"south": { "texture": "#sides2", "uv": [ 2.0, 11.0, 16.0, 13.0 ] },
								"west": { "texture": "#sides2", "uv": [ 0.0, 0.0, 1.0, 2.0 ] },
								"up": { "texture": "#sides2", "uv": [ 0.0, 0.0, 14.0, 1.0 ] },
								"down": { "texture": "#sides2", "uv": [ 0.0, 14.5, 14.0, 15.5 ] }
							},
							"children": [
								{
									"name": "hinge 3",
									"from": [ 2.5, -0.8, 1.0 ],
									"to": [ 3.5, 1.2, 1.5 ],
									"uv": [ 0.0, 0.0 ],
									"rotationOrigin": [ 3.0, -0.8, 1.0 ],
									"faces": {
										"north": { "texture": "#accessories", "uv": [ 0.0, 0.0, 1.0, 2.0 ] },
										"east": { "texture": "#accessories", "uv": [ 0.0, 0.0, 0.5, 2.0 ] },
										"south": { "texture": "#accessories", "uv": [ 0.0, 0.0, 1.0, 2.0 ] },
										"west": { "texture": "#accessories", "uv": [ 0.0, 0.0, 0.5, 2.0 ] },
										"up": { "texture": "#accessories", "uv": [ 0.0, 0.0, 1.0, 0.5 ] },
										"down": { "texture": "#accessories", "uv": [ 0.0, 0.0, 1.0, 0.5 ] }
									}
								},
								{
									"name": "hinge 4",
									"from": [ 10.5, -0.8, 1.0 ],
									"to": [ 11.5, 1.2, 1.5 ],
									"uv": [ 0.0, 0.0 ],
									"rotationOrigin": [ 11.0, -0.8, 1.0 ],
									"faces": {
										"north": { "texture": "#accessories", "uv": [ 0.0, 0.0, 1.0, 2.0 ] },
										"east": { "texture": "#accessories", "uv": [ 0.0, 0.0, 0.5, 2.0 ] },
										"south": { "texture": "#accessories", "uv": [ 0.0, 0.0, 1.0, 2.0 ] },
										"west": { "texture": "#accessories", "uv": [ 0.0, 0.0, 0.5, 2.0 ] },
										"up": { "texture": "#accessories", "uv": [ 0.0, 0.0, 1.0, 0.5 ] },
										"down": { "texture": "#accessories", "uv": [ 0.0, 0.0, 1.0, 0.5 ] }
									}
								}
							]
						},
						{
							"name": "South",
							"from": [ -1.0, -1.0, 11.0 ],
							"to": [ 13.0, 1.0, 12.0 ],
							"uv": [ 0.0, 0.0 ],
							"rotationOrigin": [ -1.0, -1.0, 11.0 ],
							"faces": {
								"north": { "texture": "#sides2", "uv": [ 0.5, 11.0, 14.5, 13.0 ] },
								"east": { "texture": "#sides2", "uv": [ 0.0, 0.0, 1.0, 2.0 ] },
								"south": { "texture": "#sides2", "uv": [ 0.0, 0.0, 14.0, 2.0 ] },
								"west": { "texture": "#sides2", "uv": [ 13.0, 0.0, 14.0, 2.0 ] },
								"up": { "texture": "#sides2", "uv": [ 0.0, 0.0, 14.0, 1.0 ] },
								"down": { "texture": "#sides2", "uv": [ 0.5, 13.5, 14.5, 14.5 ] }
							}
						},
						{
							"name": "Cube35",
							"from": [ 5.0, 0.0, 12.0 ],
							"to": [ 7.0, 0.5, 12.5 ],
							"uv": [ 0.0, 0.0 ],
							"rotationOrigin": [ 6.0, 0.0, 12.0 ],
							"rotationX": 39.0,
							"faces": {
								"east": { "texture": "#accessories", "uv": [ 0.0, 0.0, 0.5, 0.5 ] },
								"south": { "texture": "#accessories", "uv": [ 9.5, 0.0, 11.5, 0.5 ] },
								"west": { "texture": "#accessories", "uv": [ 0.0, 0.0, 0.5, 0.5 ] },
								"up": { "texture": "#accessories", "uv": [ 0.0, 0.0, 2.0, 0.5 ] }
							},
							"children": [
								{
									"name": "Cube36",
									"from": [ -0.5, -2.5, 0.0 ],
									"to": [ 2.5, 0.0, 0.5 ],
									"uv": [ 0.0, 0.0 ],
									"rotationOrigin": [ -0.5, -2.5, 0.0 ],
									"faces": {
										"north": { "texture": "#accessories", "uv": [ 0.0, 0.0, 3.0, 2.5 ] },
										"east": { "texture": "#accessories", "uv": [ 0.0, 0.0, 0.5, 2.5 ] },
										"south": { "texture": "#accessories", "uv": [ 9.0, 0.5, 12.0, 3.0 ] },
										"west": { "texture": "#accessories", "uv": [ 0.0, 0.0, 0.5, 2.5 ] },
										"up": { "texture": "#accessories", "uv": [ 0.0, 0.0, 3.0, 0.5 ] },
										"down": { "texture": "#accessories", "uv": [ 0.0, 0.0, 3.0, 0.5 ] }
									}
								},
								{
									"name": "Cube37",
									"from": [ -0.1, -2.0, 0.5 ],
									"to": [ 2.1, -0.4, 0.7 ],
									"uv": [ 2.0, 11.0 ],
									"rotationOrigin": [ -0.1, -2.0, 0.5 ],
									"faces": {
										"north": { "texture": "#accessories", "uv": [ 2.0, 11.5, 4.0, 13.0 ], "glow": 255 },
										"east": { "texture": "#accessories", "uv": [ 4.0, 11.5, 4.5, 13.0 ] },
										"south": { "texture": "#accessories", "uv": [ 4.5, 12.0, 6.5, 13.5 ], "glow": 255, "windMode": [-1,-1,-1,-1], "windData": [1,1,1,1] },
										"west": { "texture": "#accessories", "uv": [ 6.5, 11.5, 7.0, 13.0 ] },
										"up": { "texture": "#accessories", "uv": [ 2.0, 11.0, 4.0, 11.5 ] },
										"down": { "texture": "#accessories", "uv": [ 4.0, 11.0, 6.0, 11.5 ] }
									}
								}
							]
						},
						{
							"name": "Cube38",
							"from": [ 9.0, -0.6, 11.4 ],
							"to": [ 11.0, 0.4, 11.9 ],
							"uv": [ 0.0, 0.0 ],
							"rotationOrigin": [ 10.0, -0.6, 11.4 ],
							"rotationX": 39.0,
							"faces": {
								"east": { "texture": "#accessories", "uv": [ 0.0, 0.0, 0.5, 1.0 ] },
								"south": { "texture": "#accessories", "uv": [ 9.5, 0.0, 11.5, 1.0 ] },
								"west": { "texture": "#accessories", "uv": [ 0.0, 0.0, 0.5, 1.0 ] },
								"up": { "texture": "#accessories", "uv": [ 0.0, 0.0, 2.0, 0.5 ] }
							},
							"children": [
								{
									"name": "Cube39",
									"from": [ -0.5, -2.5, 0.0 ],
									"to": [ 2.5, 0.0, 0.5 ],
									"uv": [ 0.0, 0.0 ],
									"rotationOrigin": [ -0.5, -2.5, 0.0 ],
									"faces": {
										"north": { "texture": "#accessories", "uv": [ 0.0, 0.0, 3.0, 2.5 ] },
										"east": { "texture": "#accessories", "uv": [ 0.0, 0.0, 0.5, 2.5 ] },
										"south": { "texture": "#accessories", "uv": [ 9.0, 0.5, 12.0, 3.0 ] },
										"west": { "texture": "#accessories", "uv": [ 0.0, 0.0, 0.5, 2.5 ] },
										"up": { "texture": "#accessories", "uv": [ 0.0, 0.0, 3.0, 0.5 ] },
										"down": { "texture": "#accessories", "uv": [ 0.0, 0.0, 3.0, 0.5 ] }
									}
								},
								{
									"name": "Cube40",
									"from": [ -0.1, -2.0, 0.5 ],
									"to": [ 2.1, -0.4, 0.7 ],
									"uv": [ 2.0, 11.0 ],
									"rotationOrigin": [ -0.1, -2.0, 0.5 ],
									"faces": {
										"north": { "texture": "#accessories", "uv": [ 2.0, 11.5, 4.0, 13.0 ], "glow": 255 },
										"east": { "texture": "#accessories", "uv": [ 4.0, 11.5, 4.5, 13.0 ] },
										"south": { "texture": "#accessories", "uv": [ 4.5, 12.0, 6.5, 13.5 ], "glow": 255, "windMode": [-1,-1,-1,-1], "windData": [1,1,1,1] },
										"west": { "texture": "#accessories", "uv": [ 6.5, 11.5, 7.0, 13.0 ] },
										"up": { "texture": "#accessories", "uv": [ 2.0, 11.0, 4.0, 11.5 ] },
										"down": { "texture": "#accessories", "uv": [ 4.0, 11.0, 6.0, 11.5 ] }
									}
								}
							]
						},
						{
							"name": "Cube41",
							"from": [ 1.0, -0.5, 11.5 ],
							"to": [ 3.0, 0.5, 12.0 ],
							"uv": [ 0.0, 0.0 ],
							"rotationOrigin": [ 2.0, -0.5, 11.5 ],
							"rotationX": 39.0,
							"faces": {
								"east": { "texture": "#accessories", "uv": [ 0.0, 0.0, 0.5, 1.0 ] },
								"south": { "texture": "#accessories", "uv": [ 9.5, 0.0, 11.5, 1.0 ] },
								"west": { "texture": "#accessories", "uv": [ 0.0, 0.0, 0.5, 1.0 ] },
								"up": { "texture": "#accessories", "uv": [ 0.0, 0.0, 2.0, 0.5 ] }
							},
							"children": [
								{
									"name": "Cube42",
									"from": [ -0.5, -2.5, 0.0 ],
									"to": [ 2.5, 0.0, 0.5 ],
									"uv": [ 0.0, 0.0 ],
									"rotationOrigin": [ -0.5, -2.5, 0.0 ],
									"faces": {
										"north": { "texture": "#accessories", "uv": [ 0.0, 0.0, 3.0, 2.5 ] },
										"east": { "texture": "#accessories", "uv": [ 0.0, 0.0, 0.5, 2.5 ] },
										"south": { "texture": "#accessories", "uv": [ 9.0, 0.5, 12.0, 3.0 ] },
										"west": { "texture": "#accessories", "uv": [ 0.0, 0.0, 0.5, 2.5 ] },
										"up": { "texture": "#accessories", "uv": [ 0.0, 0.0, 3.0, 0.5 ] },
										"down": { "texture": "#accessories", "uv": [ 0.0, 0.0, 3.0, 0.5 ] }
									}
								},
								{
									"name": "Cube43",
									"from": [ -0.1, -2.0, 0.5 ],
									"to": [ 2.1, -0.4, 0.7 ],
									"uv": [ 2.0, 11.0 ],
									"rotationOrigin": [ -0.1, -2.0, 0.5 ],
									"faces": {
										"north": { "texture": "#accessories", "uv": [ 2.0, 11.5, 4.0, 13.0 ], "glow": 255 },
										"east": { "texture": "#accessories", "uv": [ 4.0, 11.5, 4.5, 13.0 ] },
										"south": { "texture": "#accessories", "uv": [ 4.5, 12.0, 6.5, 13.5 ], "glow": 255, "windMode": [-1,-1,-1,-1], "windData": [1,1,1,1] },
										"west": { "texture": "#accessories", "uv": [ 6.5, 11.5, 7.0, 13.0 ] },
										"up": { "texture": "#accessories", "uv": [ 2.0, 11.0, 4.0, 11.5 ] },
										"down": { "texture": "#accessories", "uv": [ 4.0, 11.0, 6.0, 11.5 ] }
									}
								}
							]
						},
						{
							"name": "Cube2",
							"from": [ 1.9, 0.5685, 10.3648 ],
							"to": [ 2.9, 4.5685, 11.3648 ],
							"uv": [ 0.0, 0.0 ],
							"rotationOrigin": [ 1.9, 0.5685, 10.3648 ],
							"rotationX": 25.5,
							"rotationY": 45.0,
							"rotationZ": -180.0,
							"faces": {
								"north": { "texture": "#sides2", "uv": [ 0.0, 0.0, 1.0, 4.0 ] },
								"east": { "texture": "#sides2", "uv": [ 0.0, 0.0, 1.0, 4.0 ] },
								"south": { "texture": "#sides2", "uv": [ 0.0, 0.0, 1.0, 4.0 ] },
								"west": { "texture": "#sides2", "uv": [ 0.0, 0.0, 1.0, 4.0 ] },
								"up": { "texture": "#sides2", "uv": [ 0.0, 0.0, 1.0, 1.0 ] },
								"down": { "texture": "#sides2", "uv": [ 0.0, 0.0, 1.0, 1.0 ] }
							},
							"children": [
								{
									"name": "Cube4",
									"from": [ -4.0974, 0.1859, 4.8121 ],
									"to": [ -2.7974, 4.1859, 6.1121 ],
									"uv": [ 0.0, 0.0 ],
									"rotationOrigin": [ -4.0974, 0.1859, 4.8121 ],
									"rotationX": -49.446,
									"rotationY": 77.21,
									"rotationZ": 41.612,
									"faces": {
										"north": { "texture": "#sides2", "uv": [ 0.0, 0.0, 1.0, 4.0 ] },
										"east": { "texture": "#sides2", "uv": [ 0.0, 0.0, 1.0, 4.0 ] },
										"south": { "texture": "#sides2", "uv": [ 0.0, 0.0, 1.0, 4.0 ] },
										"west": { "texture": "#sides2", "uv": [ 0.0, 0.0, 1.0, 4.0 ] },
										"up": { "texture": "#sides2", "uv": [ 0.0, 0.0, 1.0, 1.0 ] },
										"down": { "texture": "#sides2", "uv": [ 0.0, 0.0, 1.0, 1.0 ] }
									}
								},
								{
									"name": "Cube3",
									"from": [ -1.17, 3.0E-4, 3.0726 ],
									"to": [ 0.13, 5.0003, 4.3726 ],
									"uv": [ 0.0, 0.0 ],
									"rotationOrigin": [ -1.17, 3.0E-4, 3.0726 ],
									"rotationX": -179.368,
									"rotationY": 44.107,
									"rotationZ": 176.556,
									"faces": {
										"north": { "texture": "#sides2", "uv": [ 0.0, 0.0, 1.0, 5.0 ] },
										"east": { "texture": "#sides2", "uv": [ 0.0, 0.0, 1.0, 5.0 ] },
										"south": { "texture": "#sides2", "uv": [ 0.0, 0.0, 1.0, 5.0 ] },
										"west": { "texture": "#sides2", "uv": [ 0.0, 0.0, 1.0, 5.0 ] },
										"up": { "texture": "#sides2", "uv": [ 0.0, 0.0, 1.0, 1.0 ] },
										"down": { "texture": "#sides2", "uv": [ 0.0, 0.0, 1.0, 1.0 ] }
									}
								},
								{
									"name": "Cube5",
									"from": [ -5.3339, 0.0521, 5.8384 ],
									"to": [ -4.3339, 4.0521, 6.8384 ],
									"uv": [ 0.0, 0.0 ],
									"rotationOrigin": [ -5.3339, 0.0521, 5.8384 ],
									"rotationX": -2.684,
									"rotationY": -30.149,
									"rotationZ": 7.349,
									"faces": {
										"north": { "texture": "#sides2", "uv": [ 0.0, 0.0, 1.0, 4.0 ] },
										"east": { "texture": "#sides2", "uv": [ 0.0, 0.0, 1.0, 4.0 ] },
										"south": { "texture": "#sides2", "uv": [ 0.0, 0.0, 1.0, 4.0 ] },
										"west": { "texture": "#sides2", "uv": [ 0.0, 0.0, 1.0, 4.0 ] },
										"up": { "texture": "#sides2", "uv": [ 0.0, 0.0, 1.0, 1.0 ] },
										"down": { "texture": "#sides2", "uv": [ 0.0, 0.0, 1.0, 1.0 ] }
									}
								}
							]
						}
					]
				}
			]
		}
	],
	"animations": [
		{
			"name": "Idle",
			"code": "idle",
			"quantityframes": 30,
			"onActivityStopped": "Rewind",
			"onAnimationEnd": "Repeat",
			"keyframes": [
				{
					"frame": 0,
					"elements": {
						"lid": { "rotationX": 68.0, "rotationY": 0.0, "rotationZ": 0.0 },
						"Cube35": { "rotationX": -40.0, "rotationY": 0.0, "rotationZ": 0.0 },
						"Cube37": { "offsetX": 0.0, "offsetY": 0.0, "offsetZ": -1.0 },
						"Cube6": { "rotationX": -47.0, "rotationY": 0.0, "rotationZ": 0.0 },
						"Cube10": { "offsetX": 0.0, "offsetY": -3.0, "offsetZ": 0.0, "rotationX": -72.0, "rotationY": 108.0, "rotationZ": -80.0 },
						"Cube11": { "rotationX": 0.0, "rotationY": -8.0, "rotationZ": -78.0 },
						"Cube12": { "rotationX": 0.0, "rotationY": 0.0, "rotationZ": -114.0 },
						"Cube13": { "offsetX": 2.0, "offsetY": -1.0, "offsetZ": 0.0, "rotationX": -78.0, "rotationY": -91.0, "rotationZ": 28.0 },
						"Cube16": { "rotationX": 0.0, "rotationY": -8.0, "rotationZ": -100.0 },
						"Cube19": { "rotationX": 0.0, "rotationY": 0.0, "rotationZ": -138.0 }
					}
				}
			]
		},

		{
			"name": "Walk",
			"code": "walk",
			"quantityframes": 40,
			"onActivityStopped": "Rewind",
			"onAnimationEnd": "Repeat",
			"keyframes": [
				{
					"frame": 0,
					"elements": {
						"origin": { "offsetX": 0.0, "offsetY": 1.0, "offsetZ": 0.0, "rotationX": 0.0, "rotationY": -11.0, "rotationZ": 0.0 },
						"Cube13": { "rotationX": -28.0, "rotationY": 33.0, "rotationZ": -36.0 },
						"Cube16": { "rotationX": -36.0, "rotationY": 0.0, "rotationZ": 0.0 },
						"Cube19": { "rotationX": 3.0, "rotationY": 0.0, "rotationZ": 33.0 },
						"Cube10": { "rotationX": 39.0, "rotationY": 17.0, "rotationZ": -39.0 },
						"Cube11": { "rotationX": 0.0, "rotationY": 0.0, "rotationZ": 0.0 },
						"Cube12": { "rotationX": 0.0, "rotationY": 0.0, "rotationZ": 0.0 },
						"lid": { "rotationX": 0.0, "rotationY": 0.0, "rotationZ": 0.0 }
					}
				},
				{
					"frame": 10,
					"elements": {
						"origin": { "offsetX": 0.0, "offsetY": 0.0, "offsetZ": 0.0, "rotationX": 0.0, "rotationY": -14.0, "rotationZ": 0.0 },
						"Cube13": { "rotationX": -8.0, "rotationY": 0.0, "rotationZ": -33.0 },
						"Cube16": { "rotationX": 0.0, "rotationY": -30.0, "rotationZ": -3.0 },
						"Cube19": { "rotationX": 0.0, "rotationY": -14.0, "rotationZ": 44.0 },
						"Cube10": { "rotationX": 42.0, "rotationY": 11.0, "rotationZ": -36.0 },
						"Cube11": { "rotationX": 0.0, "rotationY": 0.0, "rotationZ": 0.0 },
						"Cube12": { "rotationX": 0.0, "rotationY": 0.0, "rotationZ": 0.0 },
						"lid": { "rotationX": 19.0, "rotationY": 0.0, "rotationZ": 0.0 }
					}
				},
				{
					"frame": 20,
					"elements": {
						"origin": { "offsetX": 0.0, "offsetY": 0.0, "offsetZ": 0.0, "rotationX": 0.0, "rotationY": 17.0, "rotationZ": -3.0 },
						"Cube10": { "rotationX": -30.0, "rotationY": -25.0, "rotationZ": 14.0 },
						"Cube11": { "rotationX": -42.0, "rotationY": -3.0, "rotationZ": 0.0 },
						"Cube12": { "rotationX": 0.0, "rotationY": 0.0, "rotationZ": 44.0 },
						"Cube13": { "rotationX": -17.0, "rotationY": -8.0, "rotationZ": 6.0 },
						"Cube16": { "rotationX": 0.0, "rotationY": 0.0, "rotationZ": 0.0 },
						"Cube19": { "rotationX": 0.0, "rotationY": 0.0, "rotationZ": 0.0 },
						"lid": { "rotationX": 0.0, "rotationY": 0.0, "rotationZ": 0.0 }
					}
				},
				{
					"frame": 30,
					"elements": {
						"Cube10": { "rotationX": -17.0, "rotationY": -25.0, "rotationZ": 22.0 },
						"Cube11": { "rotationX": -28.0, "rotationY": -3.0, "rotationZ": 0.0 },
						"Cube12": { "rotationX": -3.0, "rotationY": 0.0, "rotationZ": 33.0 },
						"Cube13": { "rotationX": 0.0, "rotationY": -17.0, "rotationZ": -14.0 },
						"Cube16": { "rotationX": 0.0, "rotationY": 0.0, "rotationZ": 0.0 },
						"Cube19": { "rotationX": 0.0, "rotationY": 0.0, "rotationZ": 0.0 },
						"lid": { "rotationX": 17.0, "rotationY": 0.0, "rotationZ": 0.0 }
					}
				}
			]
		},

		{
			"name": "attack",
			"code": "attack",
			"quantityframes": 40,
			"onActivityStopped": "Stop",
			"onAnimationEnd": "EaseOut",
			"keyframes": [
				{
					"frame": 0,
					"elements": {
						"origin": { "offsetX": 0.0, "offsetY": 0.0, "offsetZ": 0.0 },
						"lid": { "rotationX": 0.0, "rotationY": 0.0, "rotationZ": 0.0 },
						"Cube10": { "rotationX": 0.0, "rotationY": 0.0, "rotationZ": 0.0 },
						"Cube11": { "rotationX": 0.0, "rotationY": 0.0, "rotationZ": 0.0 },
						"Cube12": { "rotationX": 0.0, "rotationY": 0.0, "rotationZ": 0.0 },
						"Cube13": { "rotationX": 0.0, "rotationY": 0.0, "rotationZ": 0.0 },
						"Cube16": { "rotationX": 0.0, "rotationY": 0.0, "rotationZ": 0.0 },
						"Cube19": { "rotationX": 0.0, "rotationY": 0.0, "rotationZ": 0.0 }
					}
				},
				{
					"frame": 8,
					"elements": {
						"Cube19": { "rotationX": -22.0, "rotationY": 3.0, "rotationZ": 50.0 },
						"Cube10": { "rotationX": 42.0, "rotationY": 0.0, "rotationZ": 0.0 },
						"Cube11": { "rotationX": -28.0, "rotationY": 25.0, "rotationZ": 0.0 },
						"Cube12": { "rotationX": 8.0, "rotationY": 11.0, "rotationZ": 22.0 }
					}
				},
				{
					"frame": 10,
					"elements": {
						"origin": { "offsetX": 0.0, "offsetY": 7.0, "offsetZ": -7.0, "rotationX": -33.0, "rotationY": 0.0, "rotationZ": 0.0 },
						"lid": { "rotationX": 47.0, "rotationY": 0.0, "rotationZ": 0.0 },
						"Cube10": { "rotationX": 47.0, "rotationY": -11.0, "rotationZ": -3.0 },
						"Cube11": { "rotationX": -28.0, "rotationY": 19.0, "rotationZ": 0.0 },
						"Cube13": { "rotationX": 44.0, "rotationY": 33.0, "rotationZ": -3.0 },
						"Cube16": { "rotationX": 69.0, "rotationY": -66.0, "rotationZ": 64.0 },
						"Cube19": { "rotationX": 6.0, "rotationY": 8.0, "rotationZ": 53.0 }
					}
				},
				{
					"frame": 15,
					"elements": {
						"origin": { "offsetX": 0.0, "offsetY": 12.0, "offsetZ": 8.0, "rotationX": 14.0, "rotationY": 0.0, "rotationZ": 0.0 },
						"lid": { "rotationX": -28.0, "rotationY": 0.0, "rotationZ": 0.0 },
						"Cube13": { "rotationX": -14.0, "rotationY": -22.0, "rotationZ": 86.0 },
						"Cube16": { "rotationX": 0.0, "rotationY": 28.0, "rotationZ": 0.0 },
						"Cube19": { "rotationX": -11.0, "rotationY": -14.0, "rotationZ": 30.0 },
						"Cube10": { "rotationX": 0.0, "rotationY": 0.0, "rotationZ": -125.0 },
						"Cube11": { "rotationX": 3.0, "rotationY": -55.0, "rotationZ": 0.0 }
					}
				},
				{
					"frame": 22,
					"elements": {
						"lid": { "rotationX": 61.0, "rotationY": 0.0, "rotationZ": 0.0 },
						"Cube13": { "rotationX": 0.0, "rotationY": 0.0, "rotationZ": 83.0 },
						"Cube16": { "rotationX": -22.0, "rotationY": 6.0, "rotationZ": 0.0 },
						"Cube19": { "rotationX": 0.0, "rotationY": 0.0, "rotationZ": 0.0 },
						"Cube10": { "rotationX": 0.0, "rotationY": 0.0, "rotationZ": -116.0 },
						"Cube11": { "rotationX": 0.0, "rotationY": -58.0, "rotationZ": 19.0 }
					}
				},
				{
					"frame": 30,
					"elements": {
						"origin": { "offsetX": 0.0, "offsetY": 7.0, "offsetZ": 10.0, "rotationX": 25.0, "rotationY": 0.0, "rotationZ": 0.0 },
						"lid": { "rotationX": 53.0, "rotationY": 0.0, "rotationZ": 0.0 },
						"Cube10": { "rotationX": 0.0, "rotationY": 0.0, "rotationZ": -125.0 },
						"Cube13": { "rotationX": 0.0, "rotationY": -33.0, "rotationZ": 80.0 },
						"Cube16": { "rotationX": 0.0, "rotationY": 0.0, "rotationZ": 0.0 },
						"Cube19": { "rotationX": 0.0, "rotationY": 0.0, "rotationZ": 0.0 }
					}
				}
			]
		},

		{
			"name": "die",
			"code": "die",
			"quantityframes": 31,
			"onActivityStopped": "PlayTillEnd",
			"onAnimationEnd": "Hold",
			"keyframes": [
				{
					"frame": 0,
					"elements": {
						"Cube10": { "rotationX": 0.0, "rotationY": 0.0, "rotationZ": 0.0 },
						"Cube13": { "rotationX": 0.0, "rotationY": 0.0, "rotationZ": 0.0 },
						"lid": { "rotationX": 0.0, "rotationY": 0.0, "rotationZ": 0.0 }
					}
				},
				{
					"frame": 7,
					"elements": {
						"Cube10": { "offsetX": 0.0, "offsetY": 2.0, "offsetZ": -1.0, "rotationX": 0.0, "rotationY": 0.0, "rotationZ": -61.0 },
						"Cube13": { "rotationX": -47.0, "rotationY": -25.0, "rotationZ": 36.0 },
						"lid": { "rotationX": -44.0, "rotationY": 0.0, "rotationZ": -14.0 }
					}
				},
				{
					"frame": 30,
					"elements": {
						"Cube10": { "offsetX": 0.0, "offsetY": 2.0, "offsetZ": -1.0, "rotationX": -19.0, "rotationY": -72.0, "rotationZ": -53.0 },
						"Cube13": { "rotationX": -64.0, "rotationY": 25.0, "rotationZ": 86.0 },
						"lid": { "rotationX": 58.0, "rotationY": 0.0, "rotationZ": 0.0 }
					}
				}
			]
		}
	]
}