{
	"editor": {
		"collapsedPaths": "Root/bandN/toothR1,Root/bandN/toothL1",
		"allAngles": true,
		"entityTextureMode": false
	},
	"textureWidth": 16,
	"textureHeight": 16,
	"textureSizes": {
	},
	"textures": {
	},
	"elements": [
		{
			"name": "base2",
			"from": [ 4.68, 3.84, 9.32 ],
			"to": [ 9.48, 7.84, 12.52 ],
			"rotationOrigin": [ 4.6807, 3.8423, 8.92 ],
			"rotationX": -90.0,
			"rotationY": 180.0,
			"rotationZ": 83.0,
			"faces": {
				"north": { "texture": "#leather", "uv": [ 9.5, 8.0, 14.3, 12.0 ] },
				"east": { "texture": "#leather", "uv": [ 0.5, 9.0, 3.7, 13.0 ] },
				"south": { "texture": "#leather", "uv": [ 4.5, 5.5, 9.3, 9.5 ] },
				"west": { "texture": "#leather", "uv": [ 10.0, 9.0, 13.2, 13.0 ] },
				"up": { "texture": "#leather", "uv": [ 4.5, 3.5, 9.3, 6.7 ] },
				"down": { "texture": "#leather", "uv": [ 1.5, 10.0, 6.3, 13.2 ] }
			},
			"children": [
				{
					"name": "base3",
					"from": [ 0.0412, 2.399, -0.1337 ],
					"to": [ 4.8412, 6.399, 3.0663 ],
					"rotationOrigin": [ 0.0419, 2.4013, -0.5337 ],
					"rotationX": 10.998,
					"rotationY": -0.191,
					"rotationZ": 0.018,
					"faces": {
						"north": { "texture": "#leather", "uv": [ 9.5, 8.0, 14.3, 12.0 ] },
						"east": { "texture": "#leather", "uv": [ 0.5, 9.0, 3.7, 13.0 ] },
						"south": { "texture": "#leather", "uv": [ 4.5, 5.5, 9.3, 9.5 ] },
						"west": { "texture": "#leather", "uv": [ 10.0, 9.0, 13.2, 13.0 ] },
						"up": { "texture": "#leather", "uv": [ 4.5, 3.5, 9.3, 6.7 ] },
						"down": { "texture": "#leather", "uv": [ 1.5, 10.0, 6.3, 13.2 ] }
					},
					"children": [
						{
							"name": "L large pocket3",
							"from": [ -0.72, -0.8, 0.32 ],
							"to": [ 0.08, 3.2, 3.12 ],
							"rotationOrigin": [ -0.32, 3.2, 2.64 ],
							"faces": {
								"north": { "texture": "#leather", "uv": [ 0.0, 0.0, 0.8, 4.0 ] },
								"east": { "texture": "#leather", "uv": [ 0.0, 0.0, 2.8, 4.0 ] },
								"south": { "texture": "#leather", "uv": [ 8.5, 0.0, 9.3, 4.0 ] },
								"west": { "texture": "#leather", "uv": [ 7.0, 0.0, 9.8, 4.0 ] },
								"up": { "texture": "#leather", "uv": [ 13.0, 9.5, 13.8, 12.3 ] },
								"down": { "texture": "#leather", "uv": [ 0.0, 1.0, 0.8, 3.8 ] }
							}
						},
						{
							"name": "R large pocket3",
							"from": [ 4.72, 0.0, 0.32 ],
							"to": [ 5.52, 2.32, 3.12 ],
							"rotationOrigin": [ 5.12, 4.0, 1.52 ],
							"rotationZ": -3.0,
							"faces": {
								"north": { "texture": "#leather", "uv": [ 0.0, 0.0, 0.8, 2.0 ] },
								"east": { "texture": "#leather", "uv": [ 2.5, 0.0, 5.3, 2.0 ] },
								"south": { "texture": "#leather", "uv": [ 1.5, 0.0, 2.3, 2.0 ] },
								"west": { "texture": "#leather", "uv": [ 6.5, 0.5, 9.3, 2.5 ] },
								"up": { "texture": "#leather", "uv": [ 3.5, 6.5, 4.3, 9.3 ] },
								"down": { "texture": "#leather", "uv": [ 1.0, 0.5, 1.8, 3.3 ] }
							}
						},
						{
							"name": "R large pocket4",
							"from": [ 1.2, -0.64, -1.12 ],
							"to": [ 4.32, 2.48, 0.72 ],
							"rotationOrigin": [ 1.6, 3.36, 0.08 ],
							"rotationZ": -3.0,
							"faces": {
								"north": { "texture": "#leather", "uv": [ 0.0, 0.0, 2.8, 2.8 ] },
								"east": { "texture": "#leather", "uv": [ 2.5, 0.0, 4.1, 2.8 ] },
								"south": { "texture": "#leather", "uv": [ 1.5, 0.0, 4.3, 2.8 ] },
								"west": { "texture": "#leather", "uv": [ 6.5, 0.5, 8.1, 3.3 ] },
								"up": { "texture": "#leather", "uv": [ 3.5, 6.5, 6.3, 8.1 ] },
								"down": { "texture": "#leather", "uv": [ 1.0, 0.5, 3.8, 2.1 ] }
							}
						}
					]
				}
			]
		}
	]}