[
  {
    "side": "Server",
    "file": "rustandrot:entities/land/rust/boiler2",
    "op": "add",
    "path": "/client/behaviors/-",
    "value": {
      "code": "CombatOverhaul:EntityColliders",
      "elements": {
          "Torso": ["LowerTorso", "UpperTorso"],
          "Head": ["Head"],
          "Arm": ["Shoulder", "Shoulder2", "UpperArmR2", "UpperArmR4", "LowerArmR3", "LowerArmR4"],
          "Leg": ["UpperFootL2", "UpperFootL", "LowerFootL", "LowerFootL2"],
          "Critical": [],
          "Resistant": ["body1", "mid-slot", "rib1", "rib2", "rib3", "rib4", "rib5", "rib6", "rib7"]
      }
    }
  },
  {
    "side": "Server",
    "file": "rustandrot:entities/land/rust/boiler2",
    "op": "add",
    "path": "/server/behaviors/-",
    "value": {
      "code": "CombatOverhaul:EntityColliders",
      "elements": {
        "Torso": ["LowerTorso", "UpperTorso"],
        "Head": ["Head"],
        "Arm": ["Shoulder", "Shoulder2", "UpperArmR2", "UpperArmR4", "LowerArmR3", "LowerArmR4"],
        "Leg": ["UpperFootL2", "UpperFootL", "LowerFootL", "LowerFootL2"],
        "Critical": [],
        "Resistant": ["body1", "mid-slot", "rib1", "rib2", "rib3", "rib4", "rib5", "rib6", "rib7"]
      }
    }
  },
  {
    "side": "Server",
    "file": "rustandrot:entities/land/rust/boiler2",
    "op": "add",
    "path": "/server/behaviors/-",
    "value": {
      "code": "CombatOverhaul:EntityDamageModel",
      "damageModel": {
        "TorsoDamageMultiplier": 1.25,
        "LimbsDamageMultiplier": 0.5,
        "HeadDamageMultiplier": 1,
        "CriticalDamageMultiplier": 2,
        "DefaultResists": {"BluntAttack": 4, "SlashingAttack": 0, "PiercingAttack": 4}
      }
    }
  },
  {
    "side": "Server",
    "file": "rustandrot:entities/land/rust/boiler2",
    "op": "add",
    "path": "/client/behaviors/-",
    "value": {
      "code": "CombatOverhaul:EntityDamageModel",
      "damageModel": {
        "TorsoDamageMultiplier": 1.25,
        "LimbsDamageMultiplier": 0.5,
        "HeadDamageMultiplier": 1,
        "CriticalDamageMultiplier": 2,
        "DefaultResists": {"BluntAttack": 4, "SlashingAttack": 0,  "PiercingAttack": 4}
      }
    }
  }
]