[
  {
    "side": "Server",
    "file": "rustandrot:entities/land/rotten/bonemass",
    "op": "add",
    "path": "/client/behaviors/-",
    "value": {
      "code": "CombatOverhaul:EntityColliders",
      "elements": {
          "Torso": ["LowerTorso", "UpperTorso", "Uppermass"],
          "Head": [],
          "Arm": ["UpperArmR", "UpperArmL", "LowerArmR", "LowerArmL"],
          "Leg": ["UpperFootL", "UpperFootR", "LowerFootL", "LowerFootR"],
          "Critical": ["skull20"],
          "Resistant": []
      }
    }
  },
  {
    "side": "Server",
    "file": "rustandrot:entities/land/rotten/bonemass",
    "op": "add",
    "path": "/server/behaviors/-",
    "value": {
      "code": "CombatOverhaul:EntityColliders",
      "elements": {
        "Torso": ["LowerTorso", "UpperTorso", "Uppermass"],
        "Head": [],
        "Arm": ["UpperArmR", "UpperArmL", "LowerArmR", "LowerArmL"],
        "Leg": ["UpperFootL", "UpperFootR", "LowerFootL", "LowerFootR"],
        "Critical": ["skull20"],
        "Resistant": []
    }
  }
},
  {
    "side": "Server",
    "file": "rustandrot:entities/land/rotten/bonemass",
    "op": "add",
    "path": "/server/behaviors/-",
    "value": {
      "code": "CombatOverhaul:EntityDamageModel",
      "damageModel": {
        "TorsoDamageMultiplier": 1.25,
        "LimbsDamageMultiplier": 0.5,
        "HeadDamageMultiplier": 1,
        "CriticalDamageMultiplier": 2,
        "DefaultResists": {"BluntAttack": 4, "SlashingAttack": 0, "PiercingAttack": 3}
      }
    }
  },
  {
    "side": "Server",
    "file": "rustandrot:entities/land/rotten/bonemass",
    "op": "add",
    "path": "/client/behaviors/-",
    "value": {
      "code": "CombatOverhaul:EntityDamageModel",
      "damageModel": {
        "TorsoDamageMultiplier": 1.25,
        "LimbsDamageMultiplier": 0.5,
        "HeadDamageMultiplier": 1,
        "CriticalDamageMultiplier": 2,
        "DefaultResists": {"BluntAttack": 4, "SlashingAttack": 0,  "PiercingAttack": 3}
      }
    }
  }
]