[
    {
      "side": "Server",
      "file": "combatoverhaul:patches/entities/drifter",
      "op": "replace",
      "path": "/0/value/elementsByType/*",
      "value": {
        "Torso": ["Body", "Abdomen"],
        "Head": ["Kupris", "Neck", "Head"],
        "Arm": ["L shoulder", "L upper arm", "L lower arm", "R shoulder", "R upper arm", "R lower arm"],
        "Leg": ["L thigh", "L feet", "R thigh", "R feet"],
        "Critical": [],
        "Resistant": []
      }
    },
    {
      "side": "Server",
      "file": "combatoverhaul:patches/entities/drifter",
      "op": "replace",
      "path": "/0/value/elementsByType/*-double-headed",
      "value": {
            "Torso": ["plank10", "plank6", "plank96","plank94","plank95","plank97","plank98","plank99", "plank100","plank101"],
            "Head": ["Head1", "Head3", "Head2"],
            "Arm": ["Shoulders", "Shoulder1", "Shoulder2", "Shoulder3", "L shoulder82", "R upper arm83", "R lower arm84", "R shoulder", "R upper arm", "R lower arm"],
            "Leg": ["leg 3 L90", "leg extention 91", "leg extention 92", "leg 3 R", "leg extention 5", "leg extention 6", "leg 3 R83", "leg extention 84", "leg extention 85", "leg 3 L80", "leg extention 81", "leg extention 82", "leg 3L", "leg extention 21", "leg extention 22", "leg 3 R90", "leg extention 93", "leg extention 94"],
            "Critical": [],
            "Resistant": []
      }
    },
    {
      "side": "Server",
      "file": "combatoverhaul:patches/entities/drifter",
      "op": "replace",
      "path": "/1/value/elementsByType/*",
      "value": {
            "Torso": ["Body", "Abdomen"],
            "Head": ["Kupris", "Neck", "Head"],
            "Arm": ["L shoulder", "L upper arm", "L lower arm", "R shoulder", "R upper arm", "R lower arm"],
            "Leg": ["L thigh", "L feet", "R thigh", "R feet"],
            "Critical": [],
            "Resistant": []
      }
    },
        {
          "side": "Server",
          "file": "combatoverhaul:patches/entities/drifter",
          "op": "remove",
          "path": "/1/value/elementsByType/*-double-headed",
          "value": {
            "Torso": ["plank10", "plank6", "plank96","plank94","plank95","plank97","plank98","plank99", "plank100","plank101"],
            "Head": ["Head1", "Head3", "Head2"],
            "Arm": ["Shoulders", "Shoulder1", "Shoulder2", "Shoulder3", "L shoulder82", "R upper arm83", "R lower arm84", "R shoulder", "R upper arm", "R lower arm"],
            "Leg": ["leg 3 L90", "leg extention 91", "leg extention 92", "leg 3 R", "leg extention 5", "leg extention 6", "leg 3 R83", "leg extention 84", "leg extention 85", "leg 3 L80", "leg extention 81", "leg extention 82", "leg 3L", "leg extention 21", "leg extention 22", "leg 3 R90", "leg extention 93", "leg extention 94"],
                "Critical": [],
                "Resistant": []
              }
            }
  ]