[
  {
    "side": "Server",
    "file": "rustandrot:entities/land/rust/golem",
    "op": "add",
    "path": "/client/behaviors/-",
    "value": {
      "code": "CombatOverhaul:EntityColliders",
      "elementsByType": {
        "*": {
          "Torso": ["LowerTorso", "UpperTorso"],
          "Head": ["Snow1", "Snow2", "Snow3", "Snow4"],
          "Arm": ["UpperArmR", "UpperArmL", "LowerArmR", "LowerArmL"],
          "Leg": ["UpperFootL", "UpperFootR", "LowerFootL", "LowerFootR"],
          "Critical": ["UpperTorso2", "UpperTorso3", "UpperTorso4", "UpperTorso7"],
          "Resistant": []
        }
      }
    }
  },
  {
    "side": "Server",
    "file": "rustandrot:entities/land/rust/golem",
    "op": "add",
    "path": "/server/behaviors/-",
    "value": {
      "code": "CombatOverhaul:EntityColliders",
      "elementsByType": {
        "*": {
          "Torso": ["LowerTorso", "UpperTorso"],
          "Head": ["Snow1", "Snow2", "Snow3", "Snow4"],
          "Arm": ["UpperArmR", "UpperArmL", "LowerArmR", "LowerArmL"],
          "Leg": ["UpperFootL", "UpperFootR", "LowerFootL", "LowerFootR"],
          "Critical": ["UpperTorso2", "UpperTorso3", "UpperTorso4", "UpperTorso7"],
          "Resistant": []
        }
      }
    }
  },
  {
    "side": "Server",
    "file": "rustandrot:entities/land/rust/golem",
    "op": "add",
    "path": "/server/behaviors/-",
    "value": {
      "code": "CombatOverhaul:EntityDamageModel",
      "damageModel": {
        "TorsoDamageMultiplier": 1,
        "LimbsDamageMultiplier": 0.5,
        "HeadDamageMultiplier": 1,
        "CriticalDamageMultiplier": 2,
        "DefaultResists": {"BluntAttack": 2, "SlashingAttack": 0, "PiercingAttack": 2}
      }
    }
  },
  {
    "side": "Server",
    "file": "rustandrot:entities/land/rust/golem",
    "op": "add",
    "path": "/client/behaviors/-",
    "value": {
      "code": "CombatOverhaul:EntityDamageModel",
      "damageModel": {
        "TorsoDamageMultiplier": 1,
        "LimbsDamageMultiplier": 0.5,
        "HeadDamageMultiplier": 1,
        "CriticalDamageMultiplier": 2,
        "DefaultResists": {"BluntAttack": 2, "SlashingAttack": 0, "PiercingAttack": 2}
      }
    }
  }
]