[
  {
    "side": "Server",
    "file": "rustandrot:entities/land/rust/itinerant",
    "op": "add",
    "path": "/client/behaviors/-",
    "value": {
      "code": "CombatOverhaul:EntityColliders",
      "elements": {
          "Torso": ["LowerTorso", "UpperTorso"],
          "Head": ["Neck", "Head", "Head2", "Head3", "Head4", "Head5", "Head6"],
          "Arm": ["UpperArmR", "UpperArmL", "LowerArmR", "LowerArmL"],
          "Leg": ["UpperFootL", "UpperFootR", "LowerFootL", "LowerFootR"],
          "Critical": [],
          "Resistant": []
      }
    }
  },
  {
    "side": "Server",
    "file": "rustandrot:entities/land/rust/itinerant",
    "op": "add",
    "path": "/server/behaviors/-",
    "value": {
      "code": "CombatOverhaul:EntityColliders",
      "elements": {
        "Torso": ["LowerTorso", "UpperTorso"],
        "Head": ["Neck", "Head", "Head2", "Head3", "Head4", "Head5", "Head6"],
        "Arm": ["UpperArmR", "UpperArmL", "LowerArmR", "LowerArmL"],
        "Leg": ["UpperFootL", "UpperFootR", "LowerFootL", "LowerFootR"],
        "Critical": [],
        "Resistant": []
    }
  }
},
  {
    "side": "Server",
    "file": "rustandrot:entities/land/rust/itinerant",
    "op": "add",
    "path": "/server/behaviors/-",
    "value": {
      "code": "CombatOverhaul:EntityDamageModel",
      "damageModel": {
        "TorsoDamageMultiplier": 1,
        "LimbsDamageMultiplier": 0.5,
        "HeadDamageMultiplier": 1.25,
        "CriticalDamageMultiplier": 2,
        "DefaultResists": {"BluntAttack": 3, "SlashingAttack": 0, "PiercingAttack": 3}
      }
    }
  },
  {
    "side": "Server",
    "file": "rustandrot:entities/land/rust/itinerant",
    "op": "add",
    "path": "/client/behaviors/-",
    "value": {
      "code": "CombatOverhaul:EntityDamageModel",
      "damageModel": {
        "TorsoDamageMultiplier": 1,
        "LimbsDamageMultiplier": 0.5,
        "HeadDamageMultiplier": 1.25,
        "CriticalDamageMultiplier": 2,
        "DefaultResists": {"BluntAttack": 3, "SlashingAttack": 0, "PiercingAttack": 3}
      }
    }
  }
]