[
  {
    "side": "Server",
    "file": "rustandrot:entities/land/rotten/miasma",
    "op": "add",
    "path": "/client/behaviors/-",
    "value": {
      "code": "CombatOverhaul:EntityColliders",
      "elements": {
          "Torso": ["LowerTorso", "UpperTorso"],
          "Head": ["Head"],
          "Arm": ["UpperArmR", "UpperArmL", "LowerArmR", "LowerArmL"],
          "Leg": ["UpperFootL", "UpperFootR", "LowerFootL", "LowerFootR"],
          "Critical": ["Wart"],
          "Resistant": []
        }
    }
  },
  {
    "side": "Server",
    "file": "rustandrot:entities/land/rotten/miasma",
    "op": "add",
    "path": "/server/behaviors/-",
    "value": {
      "code": "CombatOverhaul:EntityColliders",
      "elements":{
          "Torso": ["LowerTorso", "UpperTorso"],
          "Head": ["Head"],
          "Arm": ["UpperArmR", "UpperArmL", "LowerArmR", "LowerArmL"],
          "Leg": ["UpperFootL", "UpperFootR", "LowerFootL", "LowerFootR"],
          "Critical": ["Wart"],
          "Resistant": []
        }
    }
  },
  {
    "side": "Server",
    "file": "rustandrot:entities/land/rotten/miasma",
    "op": "add",
    "path": "/server/behaviors/-",
    "value": {
      "code": "CombatOverhaul:EntityDamageModel",
      "damageModel": {
        "TorsoDamageMultiplier": 1.25,
        "LimbsDamageMultiplier": 0.5,
        "HeadDamageMultiplier": 1,
        "CriticalDamageMultiplier": 2,
        "DefaultResists": {"BluntAttack": 0, "SlashingAttack": 0, "PiercingAttack": 3}
      }
    }
  },
  {
    "side": "Server",
    "file": "rustandrot:entities/land/rotten/miasma",
    "op": "add",
    "path": "/client/behaviors/-",
    "value": {
      "code": "CombatOverhaul:EntityDamageModel",
      "damageModel": {
        "TorsoDamageMultiplier": 1.25,
        "LimbsDamageMultiplier": 0.5,
        "HeadDamageMultiplier": 1,
        "CriticalDamageMultiplier": 2,
        "DefaultResists": {"BluntAttack": 0, "SlashingAttack": 0, "PiercingAttack": 3}
      }
    }
  }
]