[
  {
    "side": "Server",
    "file": "rustandrot:entities/land/rust/mimic",
    "op": "add",
    "path": "/client/behaviors/-",
    "value": {
      "code": "CombatOverhaul:EntityColliders",
      "elements": {
          "Torso": ["floor", "S", "W", "E", "N"],
          "Head": ["lid", "West", "East", "North", "South"],
          "Arm": ["Cube10", "Cube11", "Cube12", "Cube13", "Cube16", "Cube19"],
          "Leg": ["feet1", "feet16", "feet19", "feet22"],
          "Critical": [],
          "Resistant": []
      }
    }
  },
  {
    "side": "Server",
    "file": "rustandrot:entities/land/rust/mimic",
    "op": "add",
    "path": "/server/behaviors/-",
    "value": {
      "code": "CombatOverhaul:EntityColliders",
      "elements": {
        "Torso": ["floor", "S", "W", "E", "N"],
        "Head": ["lid", "West", "East", "North", "South"],
        "Arm": ["Cube10", "Cube11", "Cube12", "Cube13", "Cube16", "Cube19"],
        "Leg": ["feet1", "feet16", "feet19", "feet22"],
        "Critical": [],
        "Resistant": []
    }
  }
},
  {
    "side": "Server",
    "file": "rustandrot:entities/land/rust/mimic",
    "op": "add",
    "path": "/server/behaviors/-",
    "value": {
      "code": "CombatOverhaul:EntityDamageModel",
      "damageModel": {
        "TorsoDamageMultiplier": 1,
        "LimbsDamageMultiplier": 0.5,
        "HeadDamageMultiplier": 1,
        "CriticalDamageMultiplier": 2,
        "DefaultResists": {"BluntAttack": 0, "SlashingAttack": 0, "PiercingAttack": 0}
      }
    }
  },
  {
    "side": "Server",
    "file": "rustandrot:entities/land/rust/mimic",
    "op": "add",
    "path": "/client/behaviors/-",
    "value": {
      "code": "CombatOverhaul:EntityDamageModel",
      "damageModel": {
        "TorsoDamageMultiplier": 1,
        "LimbsDamageMultiplier": 0.5,
        "HeadDamageMultiplier": 1,
        "CriticalDamageMultiplier": 2,
        "DefaultResists": {"BluntAttack": 0, "SlashingAttack": 0, "PiercingAttack": 0}
      }
    }
  }
]