[
  {
    "side": "Server",
    "file": "rustandrot:entities/land/rust/roamer",
    "op": "add",
    "path": "/client/behaviors/-",
    "value": {
      "code": "CombatOverhaul:EntityColliders",
      "elementsByType": {
        "*": {
          "Torso": ["LowerTorso", "UpperTorso"],
          "Head": ["Neck", "Head", "Head2", "Head3", "Head4", "Head5", "Head6"],
          "Arm": [ "UpperArmR", "UpperArmL", "LowerArmR", "LowerArmL"],
          "Leg": [],
          "Critical": [],
          "Resistant": ["armorleg2", "armorknee3", "armorknee4", "Cube11", "Cube12", "Cube13", "Cube14", "Cube15", "Cube18", "armorleg", "armorknee2", "armorknee", "Cube2", "Cube3", "Cube4", "Cube5", "Cube6", "Cube7","UpperFootL", "UpperFootR", "LowerFootL", "LowerFootR"]
        }
      }
    }
  },
  {
    "side": "Server",
    "file": "rustandrot:entities/land/rust/roamer",
    "op": "add",
    "path": "/server/behaviors/-",
    "value": {
      "code": "CombatOverhaul:EntityColliders",
      "elementsByType": {
        "*": {
          "Torso": ["LowerTorso", "UpperTorso"],
          "Head": ["Neck", "Head", "Head2", "Head3", "Head4", "Head5", "Head6"],
          "Arm": [ "UpperArmR", "UpperArmL", "LowerArmR", "LowerArmL"],
          "Leg": [],
          "Critical": [],
          "Resistant": ["armorleg2", "armorknee3", "armorknee4", "Cube11", "Cube12", "Cube13", "Cube14", "Cube15", "Cube18", "armorleg", "armorknee2", "armorknee", "Cube2", "Cube3", "Cube4", "Cube5", "Cube6", "Cube7","UpperFootL", "UpperFootR", "LowerFootL", "LowerFootR"]
        }
      }
    }
  },
  {
    "side": "Server",
    "file": "rustandrot:entities/land/rust/roamer",
    "op": "add",
    "path": "/server/behaviors/-",
    "value": {
      "code": "CombatOverhaul:EntityDamageModel",
      "damageModel": {
        "TorsoDamageMultiplier": 1,
        "LimbsDamageMultiplier": 0.5,
        "HeadDamageMultiplier": 1.25,
        "CriticalDamageMultiplier": 2,
        "DefaultResists": {"BluntAttack": 1, "SlashingAttack": 1, "PiercingAttack": 4}
      }
    }
  },
  {
    "side": "Server",
    "file": "rustandrot:entities/land/rust/roamer",
    "op": "add",
    "path": "/client/behaviors/-",
    "value": {
      "code": "CombatOverhaul:EntityDamageModel",
      "damageModel": {
        "TorsoDamageMultiplier": 1,
        "LimbsDamageMultiplier": 0.5,
        "HeadDamageMultiplier": 1.25,
        "CriticalDamageMultiplier": 2,
        "DefaultResists": {"BluntAttack": 1, "SlashingAttack": 1, "PiercingAttack": 4}
      }
    }
  }
]