[
  {
    "side": "Server",
    "file": "rustandrot:entities/land/rotten/rotbeast",
    "op": "add",
    "path": "/client/behaviors/-",
    "value": {
      "code": "CombatOverhaul:EntityColliders",
      "elementsByType": {
        "*-pig": {
          "Torso": ["body", "body3", "body2", "body4", "body5"],
          "Head": [ "cheeks", "neck", "head" ],
          "Arm": ["L front leg", "R front leg", "R front feet", "R front feet2", "L front feet"],
          "Leg": [],
          "Critical": ["Massmid1", "Massmid2","Massmid", "Massmid3", "Massmid4"],
          "Resistant": []
        },
        "*-sheep": {
          "Torso": ["Body8", "Body9", "Body10", "Body2", "Body7", "Body3", "Body4", "Body5", "Body6"],
          "Head": [ "neck", "Body" ],
          "Arm": ["L front leg", "R front leg"],
          "Leg": ["R front foot", "L front foot"],
          "Critical": [],
          "Resistant": []
        },
        "*-wolf": {
          "Torso": ["Body", "Abdomen", "pelvis", "overpelvis"],
          "Head": ["Neck", "Head", "mouth up", "overhead"],
          "Arm": ["Left Arm", "Right arm", "overradius", "overradio"],
          "Leg": ["right back leg", "left back leg", "right leg back end", "left leg back end"],
          "Critical": [],
          "Resistant": []
        }
      }
    }
  },
  {
    "side": "Server",
    "file": "rustandrot:entities/land/rotten/rotbeast",
    "op": "add",
    "path": "/server/behaviors/-",
    "value": {
      "code": "CombatOverhaul:EntityColliders",
      "elementsByType": {
        "*-pig": {
          "Torso": ["body", "body3", "body2", "body4", "body5"],
          "Head": [ "cheeks", "neck", "head" ],
          "Arm": ["L front leg", "R front leg", "R front feet", "R front feet2", "L front feet"],
          "Leg": [],
          "Critical": ["Massmid1", "Massmid2","Massmid", "Massmid3", "Massmid4"],
          "Resistant": []
        },
        "*-sheep": {
          "Torso": ["Body8", "Body9", "Body10", "Body2", "Body7", "Body3", "Body4", "Body5", "Body6"],
          "Head": [ "neck", "Body" ],
          "Arm": ["L front leg", "R front leg"],
          "Leg": ["R front foot", "L front foot"],
          "Critical": [],
          "Resistant": []
        },
        "*-wolf": {
          "Torso": ["Body", "Abdomen", "pelvis", "overpelvis"],
          "Head": ["Neck", "Head", "mouth up", "overhead"],
          "Arm": ["Left Arm", "Right arm", "overradius", "overradio"],
          "Leg": ["right back leg", "left back leg", "right leg back end", "left leg back end"],
          "Critical": [],
          "Resistant": []
        }
      }
    }
  },
  {
    "side": "Server",
    "file": "rustandrot:entities/land/rotten/rotbeast",
    "op": "add",
    "path": "/server/behaviors/-",
    "value": {
      "code": "CombatOverhaul:EntityDamageModel",
      "damageModel": {
        "TorsoDamageMultiplier": 1.25,
        "LimbsDamageMultiplier": 0.5,
        "HeadDamageMultiplier": 1,
        "CriticalDamageMultiplier": 2,
        "DefaultResists": {"BluntAttack": 0, "SlashingAttack": 0, "PiercingAttack": 0}
      }
    }
  },
  {
    "side": "Server",
    "file": "rustandrot:entities/land/rotten/rotbeast",
    "op": "add",
    "path": "/client/behaviors/-",
    "value": {
      "code": "CombatOverhaul:EntityDamageModel",
      "damageModel": {
        "TorsoDamageMultiplier": 1.25,
        "LimbsDamageMultiplier": 0.5,
        "HeadDamageMultiplier": 1,
        "CriticalDamageMultiplier": 2,
        "DefaultResists": {"BluntAttack": 0, "SlashingAttack": 0, "PiercingAttack": 0}
      }
    }
  }
]