[
  {
    "side": "Server",
    "file": "rustandrot:entities/land/rotten/rotcrawler",
    "op": "add",
    "path": "/client/behaviors/-",
    "value": {
      "code": "CombatOverhaul:EntityColliders",
      "elementsByType": {
        "*": {
          "Torso": ["Spine", "Spine2", "LowerTorso2", "UpperTorso3"],
          "Head": ["skull"],
          "Arm": ["UpperArmR2", "UpperArmL", "LowerArmR", "UpperArmR9", "LowerArmL", "UpperArmR11", "UpperArmL10"],
          "Leg": ["UpperArmR3", "UpperArmR4", "UpperArmR5", "UpperArmR6", "UpperArmR7", "LowerArmR3", "LowerArmR4", "LowerArmR5", "LowerArmR6", "LowerArmR7"],
          "Critical": [],
          "Resistant": []
        }
      }
    }
  },
  {
    "side": "Server",
    "file": "rustandrot:entities/land/rotten/rotcrawler",
    "op": "add",
    "path": "/server/behaviors/-",
    "value": {
      "code": "CombatOverhaul:EntityColliders",
      "elementsByType": {
        "*": {
          "Torso": ["Spine", "Spine2", "LowerTorso2", "UpperTorso3"],
          "Head": ["skull"],
          "Arm": ["UpperArmR2", "UpperArmL", "LowerArmR", "UpperArmR9", "LowerArmL", "UpperArmR11", "UpperArmL10"],
          "Leg": ["UpperArmR3", "UpperArmR4", "UpperArmR5", "UpperArmR6", "UpperArmR7", "LowerArmR3", "LowerArmR4", "LowerArmR5", "LowerArmR6", "LowerArmR7"],
          "Critical": [],
          "Resistant": []
        }
      }
    }
  },
  {
    "side": "Server",
    "file": "rustandrot:entities/land/rotten/rotcrawler",
    "op": "add",
    "path": "/server/behaviors/-",
    "value": {
      "code": "CombatOverhaul:EntityDamageModel",
      "damageModel": {
        "TorsoDamageMultiplier": 1,
        "LimbsDamageMultiplier": 0.5,
        "HeadDamageMultiplier": 1.25,
        "CriticalDamageMultiplier": 2,
        "DefaultResists": {"BluntAttack": 0, "SlashingAttack": 0, "PiercingAttack": 0}
      }
    }
  },
  {
    "side": "Server",
    "file": "rustandrot:entities/land/rotten/rotcrawler",
    "op": "add",
    "path": "/client/behaviors/-",
    "value": {
      "code": "CombatOverhaul:EntityDamageModel",
      "damageModel": {
        "TorsoDamageMultiplier": 1,
        "LimbsDamageMultiplier": 0.5,
        "HeadDamageMultiplier": 1.25,
        "CriticalDamageMultiplier": 2,
        "DefaultResists": {"BluntAttack": 0, "SlashingAttack": 0, "PiercingAttack": 0}
      }
    }
  }
]