[
  {
    "side": "Server",
    "file": "rustandrot:entities/land/rotten/rotpillar",
    "op": "add",
    "path": "/client/behaviors/-",
    "value": {
      "code": "CombatOverhaul:EntityColliders",
      "elements": {
          "Torso": ["LowerTorso", "UpperTorso2", "Lowertorso2", "UpperTorso", "Leftbody", "Rightbody", "Mass"],
          "Head": ["Neck", "Neck2", "Head", "Head2"],
          "Arm": ["UpperArmR", "UpperArmL", "LowerArmR", "LowerArmL"],
          "Leg": ["Mass1", "Mass2", "Mass3", "Mass4", "UpperfootR2", "UpperfootR", "LowerfootR", "LowerfootR2"],
          "Critical": ["Massmid1", "Massmid2","Massmid", "Massmid3", "Massmid4"],
          "Resistant": []
      }
    }
  },
  {
    "side": "Server",
    "file": "rustandrot:entities/land/rotten/rotpillar",
    "op": "add",
    "path": "/server/behaviors/-",
    "value": {
      "code": "CombatOverhaul:EntityColliders",
      "elements": {
        "Torso": ["LowerTorso", "UpperTorso2", "Lowertorso2", "UpperTorso", "Leftbody", "Rightbody", "Mass"],
        "Head": ["Neck", "Neck2", "Head", "Head2"],
        "Arm": ["UpperArmR", "UpperArmL", "LowerArmR", "LowerArmL"],
        "Leg": ["Mass1", "Mass2", "Mass3", "Mass4", "UpperfootR2", "UpperfootR", "LowerfootR", "LowerfootR2"],
        "Critical": ["Massmid1", "Massmid2","Massmid", "Massmid3", "Massmid4"],
        "Resistant": []
      }
    }
  },
  {
    "side": "Server",
    "file": "rustandrot:entities/land/rotten/rotpillar",
    "op": "add",
    "path": "/server/behaviors/-",
    "value": {
      "code": "CombatOverhaul:EntityDamageModel",
      "damageModel": {
        "TorsoDamageMultiplier": 1.25,
        "LimbsDamageMultiplier": 0.5,
        "HeadDamageMultiplier": 1,
        "CriticalDamageMultiplier": 2,
        "DefaultResists": {"BluntAttack": 0, "SlashingAttack": 0, "PiercingAttack": 3}
      }
    }
  },
  {
    "side": "Server",
    "file": "rustandrot:entities/land/rotten/rotpillar",
    "op": "add",
    "path": "/client/behaviors/-",
    "value": {
      "code": "CombatOverhaul:EntityDamageModel",
      "damageModel": {
        "TorsoDamageMultiplier": 1.25,
        "LimbsDamageMultiplier": 0.5,
        "HeadDamageMultiplier": 1,
        "CriticalDamageMultiplier": 2,
        "DefaultResists": {"BluntAttack": 0, "SlashingAttack": 0, "PiercingAttack": 3}
      }
    }
  }
]