[
  {
    "side": "Server",
    "file": "rustandrot:entities/land/rotten/rotwalker",
    "op": "add",
    "path": "/client/behaviors/-",
    "value": {
      "code": "CombatOverhaul:EntityColliders",
      "elementsByType": {
        "*-normal": {
          "Torso": ["LowerTorso", "UpperTorso"],
          "Head": ["Skull", "Overhead"],
          "Arm": ["UpperArmR", "UpperArmL", "LowerArmR", "LowerArmL"],
          "Leg": ["UpperFootL", "UpperFootR", "LowerFootL", "LowerFootR"],
          "Critical": ["Neck"],
          "Resistant": []
        },
        "*-deep": {
          "Torso": ["LowerTorso", "UpperTorso"],
          "Head": ["Skull", "Overhead"],
          "Arm": ["UpperArmR", "UpperArmL", "LowerArmR", "LowerArmL"],
          "Leg": ["UpperFootL", "UpperFootR", "LowerFootL", "LowerFootR"],
          "Critical": ["Neck"],
          "Resistant": []
        },
        "*-blackguard": {
          "Torso": ["LowerTorso", "UpperTorso"],
          "Head": [],
          "Arm": ["UpperArmR", "UpperArmL", "LowerArmR", "LowerArmL", "LowerArmL2"],
          "Leg": ["UpperFootL", "UpperFootR", "LowerFootL", "LowerFootR"],
          "Critical": ["Neck"],
          "Resistant": ["main2", "ArmorHead2"]
        }
      }
    }
  },
  {
    "side": "Server",
    "file": "rustandrot:entities/land/rotten/rotwalker",
    "op": "add",
    "path": "/server/behaviors/-",
    "value": {
      "code": "CombatOverhaul:EntityColliders",
      "elementsByType": {
        "*-normal": {
          "Torso": ["LowerTorso", "UpperTorso"],
          "Head": ["Skull", "Overhead"],
          "Arm": ["UpperArmR", "UpperArmL", "LowerArmR", "LowerArmL"],
          "Leg": ["UpperFootL", "UpperFootR", "LowerFootL", "LowerFootR"],
          "Critical": ["Neck"],
          "Resistant": []
        },
        "*-deep": {
          "Torso": ["LowerTorso", "UpperTorso"],
          "Head": ["Skull", "Overhead"],
          "Arm": ["UpperArmR", "UpperArmL", "LowerArmR", "LowerArmL"],
          "Leg": ["UpperFootL", "UpperFootR", "LowerFootL", "LowerFootR"],
          "Critical": ["Neck"],
          "Resistant": []
        },
        "*-blackguard": {
          "Torso": ["LowerTorso", "UpperTorso"],
          "Head": [],
          "Arm": ["UpperArmR", "UpperArmL", "LowerArmR", "LowerArmL", "LowerArmL2"],
          "Leg": ["UpperFootL", "UpperFootR", "LowerFootL", "LowerFootR"],
          "Critical": ["Neck"],
          "Resistant": ["main2", "ArmorHead2"]
        }
      }
    }
  },
  {
    "side": "Server",
    "file": "rustandrot:entities/land/rotten/rotwalker",
    "op": "add",
    "path": "/server/behaviors/-",
    "value": {
      "code": "CombatOverhaul:EntityDamageModel",
      "damageModel": {
        "TorsoDamageMultiplier": 1,
        "LimbsDamageMultiplier": 0.5,
        "HeadDamageMultiplier": 1.25,
        "CriticalDamageMultiplier": 2,
        "DefaultResists": {"BluntAttack": 0, "SlashingAttack": 0, "PiercingAttack": 0}
      }
    }
  },
  {
    "side": "Server",
    "file": "rustandrot:entities/land/rotten/rotwalker",
    "op": "add",
    "path": "/client/behaviors/-",
    "value": {
      "code": "CombatOverhaul:EntityDamageModel",
      "damageModel": {
        "TorsoDamageMultiplier": 1,
        "LimbsDamageMultiplier": 0.5,
        "HeadDamageMultiplier": 1.25,
        "CriticalDamageMultiplier": 2,
        "DefaultResists": {"BluntAttack": 0, "SlashingAttack": 0, "PiercingAttack": 0}
      }
    }
  }
]