{
	code: "rotbeast",
	class: "EntityAgent",
	hitboxSizeByType: {
		"rotbeast-pig": {
		  "x": 1.5,
		  "y": 1
		},
		"rotbeast-wolf": {
		  "x": 1.2,
		  "y": 1
		},
		"rotbeast-sheep": {
		  "x": 1.6,
		  "y": 1.5
		}
	  },
	deadHitboxSizeByType: { 
		"rotbeast-pig": {
			"x": 1.5,
			"y": 1
		  },
		  "rotbeast-wolf": {
			"x": 1.2,
			"y": 1
		  },
		  "rotbeast-sheep": {
			"x": 1.6,
			"y": 1
		  }
		},
	eyeHeightBytype: {
		"rotbeast-pig": 0.5,
		"rotbeast-wolf": 1,
		"rotbeast-sheep": 1.3
		},
	variantgroups: [
		{ code: "type", states: ["pig", "wolf", "sheep"]},
	],
	drops: [],
	attributes: {
		creatureDiet: {
			foodTags: ["meat"]
		},
		killedByInfoText: "deadcreature-eaten-large",
	},
	client: {
		renderer: "Shape",
		shapeByType: {
			"*-pig": { base: "rustandrot:entity/land/rotten/pig" },
			"*-wolf": { base: "rustandrot:entity/land/rotten/wolf" },
			"*-sheep": { base: "rustandrot:entity/land/rotten/sheep" },
		},
		texturesByType: {
			"*-pig": {
				"boar": { base: "rustandrot:entity/rotten/rotbeast/pig" },
			},
			"*-wolf": {
				"white": { base:"game:block/liquid/dye/white"},
				"2": { base:"rustandrot:entity/rotten/rotbeast/bone"},
				"1": { base:"rustandrot:entity/rotten/rotbeast/rot"},
			},
			"*-sheep": {
				"ram": { base: "rustandrot:entity/rotten/rotbeast/sheep" },
			}
		},
		behaviors: [
			{ code: "repulseagents" }, 
			{ code: "controlledphysics", stepHeight: 1.1251 }, 
			{ code: "floatupwhenstuck", onlyWhenDead: true },
			{ code: "interpolateposition" },
			{ code: "harvestable" },
			{ code: "despawn", minPlayerDistance: 16, belowLightLevel: 8, minSeconds: 300, afterDays: 3 },
		],
		animations: [
			{
				code: "hurt",
				animation: "hurt", 
				animationSpeed: 2.2,
				weight: 10,
				blendMode: "AddAverage" 
			},
			{
				code: "death",
				animation: "death", 
				animationSpeed: 1.25,
				weight: 10,
				blendMode: "Average",
				triggeredBy: { onControls: ["dead"] }
			},
			{ 
				code: "idle", 
				animation: "idle",
				blendMode: "AddAverage",
				easeOutSpeed: 4,
				triggeredBy: { defaultAnim: true },
			},
		]
	},
	server: {
		behaviors: [
			{ code: "repulseagents" }, 
			{ code: "controlledphysics", stepHeight: 1.1251 },
			{ code: "despawn", minPlayerDistance: 8, belowLightLevel: 8, minSeconds: 300 },
			{ "code": "health", 
				"currenthealthByType": {
					"rotbeast-pig": 8,
					"rotbeast-wolf": 12,
					"rotbeast-sheep": 20,
				}, 
				"maxhealthByType": {
					"rotbeast-pig": 8,
					"rotbeast-wolf": 12,
					"rotbeast-sheep": 20,
				} 
			},
			
			{ code: "deaddecay", hoursToDecay: 4, decayedBlock: "carcass-medium" },
			{ code: "floatupwhenstuck", onlyWhenDead: true },
			{ code: "harvestable", "duration": 2, drops: [
				{
					type: "item", 
					code: "rot", 
					quantity: { avg: 7, var: 4 } 
				},
				{
					type: "item", 
					code: "rustandrot:rottenskin", 
					quantity: { avg: 1, var: 0.25 } 
				},
				{
					type: "item", 
					code: "bone", 
					quantity: { avg: 1.5, var: 0 } 
				},
				{
					"type": "item",
					"code": "insect-grub",
					"quantity": { "avg": 1, "var": 0.25 }
				}
			]
		},
			{ code: "breathe" },
			{ 
				code: "emotionstates",
				states: [
					{ code: "aggressiveondamage", duration: 30, chance: 1, slot: 2, priority: 2, accumType: "noaccum" },
				],
			},
			{
				code: "taskai",
				aitasks: [
					{
						code: "meleeattack",
						entityCodes: ["player", "golem", "itinerant", "roamer"],
						priority: 2,
						damageByType: {
							"-pig": 3,
							"-wolf": 6,
							"-sheep": 10
						},
						damageTier: 2,
						damageTierByType: {
							"-pig": 1,
							"-wolf": 2,
							"-sheep": 3
						},
						slot: 1,
						mincooldown: 500, 
						minDist: 2.6,
						maxcooldown: 1750, 
						attackDurationMs: 800,
						damagePlayerAtMs: 500,
						animation: "Attack",
						animationSpeed: 1,
						sound: "rustandrot:creature/rotbeast/pig/attack*"
					},
					{
						code: "seekentity",
						entityCodes: ["player", "golem-normal", "itinerant", "roamer-normal", "drifter-*"],
						priority: 1.51,
						leapAtTarget: true,
						leapAnimation: null,
						leapChance: 0.025,
						movespeed: 0.042,
						seekingRange: 14,	
						animation: "Run",
						animationSpeed: 2.5
					},
					{
						code: "getoutofwater",
						priority: 1.4,
						movespeed: 0.015,
						animation: "Walk",
						animationSpeed: 2.2
					},
					{
						code: "idle",
						priority: 1.2,
						priorityForCancel: 1.35,
						minduration: 2500,
						maxduration: 2500,
						mincooldown: 6000,
						maxcooldown: 20000,
						animation: "idle",
						animationSpeed: 1.25,
						whenNotInEmotionState: "aggressiveondamage"
					},
					{
						code: "wander", 
						priority: 1.0, 
						priorityForCancel: 1.35,
						movespeed: 0.006,
						animation: "Walk",
						preferredLightLevel: 20
					},
					{ 
						code: "lookaround", 
						priority: 0.5
					}
				]
			}
		],
		"spawnconditions": {
			"runtime": {
				"group": "hostile",
				"tryOnlySurface": true,
				"chance": 0.0003,
				"minDistanceToPlayer": 40,
				"maxQuantity":3,
				"maxLightLevel": 4,
				"minLightLevel": 0,
				"lightLevelType": "onlyBlockLight",
				"groupSize": { "dist": "verynarrowgaussian", "avg": 0.25, "var": 0 },
				"insideBlockCodes": ["game:air", "game:tallgrass-*", "game:snowlayer-1"],
				"minTemp": -50,
				"maxTemp": 50,
				"minRain": 0.25,
				"minForestOrShrubs": 0.25,
				"maxForest": 0.75,
				"maxShrubs": 0.75,
			}
		}
	},
	soundsByType: {
		"rotbeast-sheep": {
			hurt: "rustandrot:creature/rotbeast/sheep/hurt*",
			death: "rustandrot:creature/rotbeast/sheep/death",
			idle: "rustandrot:creature/rotbeast/sheep/idle*"
		},
		"rotbeast-wolf": {
			hurt: "rustandrot:creature/rotbeast/sheep/hurt*",
			death: "rustandrot:creature/rotbeast/sheep/death",
			idle: "rustandrot:creature/rotbeast/sheep/idle*"
		},
		"rotbeast-pig": {
			hurt: "rustandrot:creature/rotbeast/pig/hurt*",
			death: "rustandrot:creature/rotbeast/pig/death",
			idle: "rustandrot:creature/rotbeast/pig/idle*",
		}
	},
	idleSoundChance: 0.05

}