[
  {
    "op": "remove",
    "path": "/guiTransformByType/creature-drifter-*",
    "file": "game:itemtypes/creature.json",
    "side": "Server"
  },
  {
    "op": "add",
    "path": "/guiTransformByType/creature-drifter-corrupt",
    "value": {
      "rotate": true,
      "translation": {
        "x": -1,
        "y": 10,
        "z": 0
      },
      "rotation": {
        "x": -11,
        "y": -62,
        "z": -180
      },
      "origin": {
        "x": 0.5,
        "y": 0.66,
        "z": 0.5
      },
      "scale": 0.55
    },
    "file": "game:itemtypes/creature.json",
    "side": "Server"
  },
  {
    "op": "add",
    "path": "/guiTransformByType/creature-drifter-deep",
    "value": {
      "rotate": true,
      "translation": {
        "x": -1,
        "y": 5,
        "z": 0
      },
      "rotation": {
        "x": -11,
        "y": -62,
        "z": -180
      },
      "origin": {
        "x": 0.5,
        "y": 0.66,
        "z": 0.5
      },
      "scale": 0.87
    },
    "file": "game:itemtypes/creature.json",
    "side": "Server"
  },
  {
    "op": "add",
    "path": "/guiTransformByType/creature-drifter-double-headed",
    "value": {
      "rotate": true,
      "translation": {
        "x": 3,
        "y": 8,
        "z": 0
      },
      "rotation": {
        "x": -11,
        "y": -62,
        "z": -180
      },
      "origin": {
        "x": 0.5,
        "y": 0.66,
        "z": 0.5
      },
      "scale": 0.42
    },
    "file": "game:itemtypes/creature.json",
    "side": "Server"
  },
  {
    "op": "add",
    "path": "/guiTransformByType/creature-drifter-nightmare",
    "value": {
      "rotate": true,
      "translation": {
        "x": 0,
        "y": 7,
        "z": 0
      },
      "rotation": {
        "x": -11,
        "y": -62,
        "z": -180
      },
      "origin": {
        "x": 0.5,
        "y": 0.66,
        "z": 0.5
      },
      "scale": 0.74
    },
    "file": "game:itemtypes/creature.json",
    "side": "Server"
  },
  {
    "op": "add",
    "path": "/guiTransformByType/creature-drifter-normal",
    "value": {
      "rotate": true,
      "translation": {
        "x": 3,
        "y": 8,
        "z": 0
      },
      "rotation": {
        "x": -11,
        "y": -62,
        "z": -180
      },
      "origin": {
        "x": 0.5,
        "y": 0.66,
        "z": 0.5
      },
      "scale": 0.74
    },
    "file": "game:itemtypes/creature.json",
    "side": "Server"
  },
  {
    "op": "add",
    "path": "/guiTransformByType/creature-drifter-tainted",
    "value": {
      "rotate": true,
      "translation": {
        "x": 3,
        "y": 9,
        "z": 0
      },
      "rotation": {
        "x": -11,
        "y": -62,
        "z": -180
      },
      "origin": {
        "x": 0.5,
        "y": 0.66,
        "z": 0.5
      },
      "scale": 0.68
    },
    "file": "game:itemtypes/creature.json",
    "side": "Server"
  },
  {
    "op": "replace",
    "path": "/shapeByType/*-drifter-corrupt/base",
    "value": "rustandrot:entity/land/drifter/deerhorn",
    "file": "game:itemtypes/creature.json",
    "side": "Server"
  },
  {
    "op": "replace",
    "path": "/shapeByType/*-drifter-deep/base",
    "value": "rustandrot:entity/land/drifter/deep",
    "file": "game:itemtypes/creature.json",
    "side": "Server"
  },
  {
    "op": "replace",
    "path": "/shapeByType/*-drifter-double-headed/base",
    "value": "rustandrot:entity/land/drifter/double-headed",
    "file": "game:itemtypes/creature.json",
    "side": "Server"
  },
  {
    "op": "replace",
    "path": "/shapeByType/*-drifter-nightmare/base",
    "value": "rustandrot:entity/land/drifter/knife",
    "file": "game:itemtypes/creature.json",
    "side": "Server"
  },
  {
    "op": "replace",
    "path": "/shapeByType/*-drifter-normal/base",
    "value": "rustandrot:entity/land/drifter/surface",
    "file": "game:itemtypes/creature.json",
    "side": "Server"
  },
  {
    "op": "replace",
    "path": "/shapeByType/*-drifter-tainted/base",
    "value": "rustandrot:entity/land/drifter/spiked1",
    "file": "game:itemtypes/creature.json",
    "side": "Server"
  },
  {
    "op": "replace",
    "path": "/texturesByType/*-drifter-corrupt/skin/base",
    "value": "rustandrot:entity/drifter/deerhorn",
    "file": "game:itemtypes/creature.json",
    "side": "Server"
  },
  {
    "op": "replace",
    "path": "/texturesByType/*-drifter-deep/skin/base",
    "value": "rustandrot:entity/drifter/deep1",
    "file": "game:itemtypes/creature.json",
    "side": "Server"
  },
  {
    "op": "remove",
    "path": "/texturesByType/*-drifter-double-headed/skin",
    "file": "game:itemtypes/creature.json",
    "side": "Server"
  },
  {
    "op": "add",
    "path": "/texturesByType/*-drifter-double-headed/bone",
    "value": {
      "base": "game:block/creature/bone"
    },
    "file": "game:itemtypes/creature.json",
    "side": "Server"
  },
  {
    "op": "add",
    "path": "/texturesByType/*-drifter-double-headed/seraph",
    "value": {
      "base": "game:entity/humanoid/seraph-naked"
    },
    "file": "game:itemtypes/creature.json",
    "side": "Server"
  },
  {
    "op": "add",
    "path": "/texturesByType/*-drifter-double-headed/temporal",
    "value": {
      "base": "game:item/resource/temporalgear"
    },
    "file": "game:itemtypes/creature.json",
    "side": "Server"
  },
  {
    "op": "add",
    "path": "/texturesByType/*-drifter-double-headed/vag",
    "value": {
      "base": "rustandrot:entity/drifter/double"
    },
    "file": "game:itemtypes/creature.json",
    "side": "Server"
  },
  {
    "op": "replace",
    "path": "/texturesByType/*-drifter-nightmare/skin/base",
    "value": "rustandrot:entity/drifter/nightmare",
    "file": "game:itemtypes/creature.json",
    "side": "Server"
  },
  {
    "op": "replace",
    "path": "/texturesByType/*-drifter-normal/skin/base",
    "value": "rustandrot:entity/drifter/surface1",
    "file": "game:itemtypes/creature.json",
    "side": "Server"
  },
  {
    "op": "replace",
    "path": "/texturesByType/*-drifter-tainted/skin/base",
    "value": "rustandrot:entity/drifter/tainted",
    "file": "game:itemtypes/creature.json",
    "side": "Server"
  }, 
  {
    "op": "replace",
    "path": "/creativeinventory",
    "value":  { "general": ["*"], "items": ["*"], "creatures": ["*"], "rustandrot": ["*-drifter-normal", "*-drifter-deep", "*-drifter-nightmare", "*-drifter-tainted", "*-drifter-corrupt", "*-drifter-double-headed"],},
    "file": "game:itemtypes/creature.json",
    "side": "Server"
  }
]