[
  {
    "op": "remove",
    "path": "/deadHitboxSize",
    "file": "game:entities/land/drifter.json",
    "side": "Server"
  },
  {
    "op": "remove",
    "path": "/eyeHeight",
    "file": "game:entities/land/drifter.json",
    "side": "Server"
  },
  {
    "op": "remove",
    "path": "/hitboxSize",
    "file": "game:entities/land/drifter.json",
    "side": "Server"
  },
  {
    "op": "add",
    "path": "/deadHitboxSizeByType",
    "value": {
      "drifter-normal": {
        "x": 0.9,
        "y": 1.5
      },
      "drifter-deep": {
        "x": 0.9,
        "y": 0.7
      },
      "drifter-tainted": {
        "x": 0.9,
        "y": 1
      },
      "drifter-nightmare": {
        "x": 0.9,
        "y": 1
      },
      "drifter-corrupt": {
        "x": 2,
        "y": 2.2
      },
      "drifter-double-headed": {
        "x": 0.9,
        "y": 1
      }
    },
    "file": "game:entities/land/drifter.json",
    "side": "Server"
  },
  {
    "op": "add",
    "path": "/EyeHeightByType",
    "value": {
      "drifter-normal": 1.2,
      "drifter-deep": 1,
      "drifter-tainted": 1.5,
      "drifter-corrupt": 1.8,
      "drifter-nightmare": 1.8,
      "drifter-double-headed": 0.5
    },
    "file": "game:entities/land/drifter.json",
    "side": "Server"
  },
  {
    "op": "add",
    "path": "/hitboxSizeByType",
    "value": {
      "drifter-normal": {
        "x": 0.9,
        "y": 1.7
      },
      "drifter-deep": {
        "x": 0.9,
        "y": 1.8
      },
      "drifter-tainted": {
        "x": 0.9,
        "y": 2
      },
      "drifter-nightmare": {
        "x": 0.9,
        "y": 2.4
      },
      "drifter-corrupt": {
        "x": 3,
        "y": 3
      },
      "drifter-double-headed": {
        "x": 1.8,
        "y": 3
      }
    },
    "file": "game:entities/land/drifter.json",
    "side": "Server"
  },
  {
    "op": "replace",
    "path": "/client/animations/9/animation",
    "value": "crawlwalk",
    "file": "game:entities/land/drifter.json",
    "side": "Server"
  },
  {
    "op": "replace",
    "path": "/client/shapeByType/*-corrupt/base",
    "value": "rustandrot:entity/land/drifter/deerhorn",
    "file": "game:entities/land/drifter.json",
    "side": "Server"
  },
  {
    "op": "replace",
    "path": "/client/shapeByType/*-deep/base",
    "value": "rustandrot:entity/land/drifter/deep",
    "file": "game:entities/land/drifter.json",
    "side": "Server"
  },
  {
    "op": "replace",
    "path": "/client/shapeByType/*-double-headed/base",
    "value": "rustandrot:entity/land/drifter/double-headed",
    "file": "game:entities/land/drifter.json",
    "side": "Server"
  },
  {
    "op": "replace",
    "path": "/client/shapeByType/*-nightmare/base",
    "value": "rustandrot:entity/land/drifter/knife",
    "file": "game:entities/land/drifter.json",
    "side": "Server"
  },
  {
    "op": "replace",
    "path": "/client/shapeByType/*-normal/base",
    "value": "rustandrot:entity/land/drifter/surface",
    "file": "game:entities/land/drifter.json",
    "side": "Server"
  },
  {
    "op": "replace",
    "path": "/client/shapeByType/*-tainted/alternates/0/base",
    "value": "rustandrot:entity/land/drifter/spiked2",
    "file": "game:entities/land/drifter.json",
    "side": "Server"
  },
  {
    "op": "replace",
    "path": "/client/shapeByType/*-tainted/base",
    "value": "rustandrot:entity/land/drifter/spiked1",
    "file": "game:entities/land/drifter.json",
    "side": "Server"
  },
  {
    "op": "add",
    "path": "/client/texturesByType/*-corrupt",
    "value": {
      "skin": {
        "base": "rustandrot:entity/drifter/deerhorn"
      }
    },
    "file": "game:entities/land/drifter.json",
    "side": "Server"
  },
  {
    "op": "add",
    "path": "/client/texturesByType/*-nightmare",
    "value": {
      "skin": {
        "base": "rustandrot:entity/drifter/nightmare"
      }
    },
    "file": "game:entities/land/drifter.json",
    "side": "Server"
  },
  {
    "op": "add",
    "path": "/client/texturesByType/*-tainted",
    "value": {
      "skin": {
        "base": "rustandrot:entity/drifter/tainted"
      }
    },
    "file": "game:entities/land/drifter.json",
    "side": "Server"
  },
  {
    "op": "replace",
    "path": "/client/texturesByType/*-deep/skin/alternates/0/base",
    "value": "rustandrot:entity/drifter/deep2",
    "file": "game:entities/land/drifter.json",
    "side": "Server"
  },
  {
    "op": "replace",
    "path": "/client/texturesByType/*-deep/skin/base",
    "value": "rustandrot:entity/drifter/deep1",
    "file": "game:entities/land/drifter.json",
    "side": "Server"
  },
  {
    "op": "remove",
    "path": "/client/texturesByType/*-double-headed/skin",
    "file": "game:entities/land/drifter.json",
    "side": "Server"
  },
  {
    "op": "add",
    "path": "/client/texturesByType/*-double-headed/bone",
    "value": {
      "base": "game:block/creature/bone"
    },
    "file": "game:entities/land/drifter.json",
    "side": "Server"
  },
  {
    "op": "add",
    "path": "/client/texturesByType/*-double-headed/seraph",
    "value": {
      "base": "game:entity/humanoid/seraph-naked"
    },
    "file": "game:entities/land/drifter.json",
    "side": "Server"
  },
  {
    "op": "add",
    "path": "/client/texturesByType/*-double-headed/temporal",
    "value": {
      "base": "game:item/resource/temporalgear"
    },
    "file": "game:entities/land/drifter.json",
    "side": "Server"
  },
  {
    "op": "add",
    "path": "/client/texturesByType/*-double-headed/vag",
    "value": {
      "base": "rustandrot:entity/drifter/double"
    },
    "file": "game:entities/land/drifter.json",
    "side": "Server"
  },
  {
    "op": "replace",
    "path": "/client/texturesByType/*-normal/skin/alternates/0/base",
    "value": "rustandrot:entity/drifter/surface2",
    "file": "game:entities/land/drifter.json",
    "side": "Server"
  },
  {
    "op": "replace",
    "path": "/client/texturesByType/*-normal/skin/alternates/1/base",
    "value": "rustandrot:entity/drifter/surface3",
    "file": "game:entities/land/drifter.json",
    "side": "Server"
  },
  {
    "op": "replace",
    "path": "/client/texturesByType/*-normal/skin/base",
    "value": "rustandrot:entity/drifter/surface1",
    "file": "game:entities/land/drifter.json",
    "side": "Server"
  },
  {
    "op": "replace",
    "path": "/server/behaviors/2/currenthealthByType/*-corrupt",
    "value": 32,
    "file": "game:entities/land/drifter.json",
    "side": "Server"
  },
  {
    "op": "replace",
    "path": "/server/behaviors/2/currenthealthByType/*-deep",
    "value": 18,
    "file": "game:entities/land/drifter.json",
    "side": "Server"
  },
  {
    "op": "replace",
    "path": "/server/behaviors/2/currenthealthByType/*-double-headed",
    "value": 65,
    "file": "game:entities/land/drifter.json",
    "side": "Server"
  },
  {
    "op": "replace",
    "path": "/server/behaviors/2/currenthealthByType/*-nightmare",
    "value": 42,
    "file": "game:entities/land/drifter.json",
    "side": "Server"
  },
  {
    "op": "replace",
    "path": "/server/behaviors/2/currenthealthByType/*-normal",
    "value": 14,
    "file": "game:entities/land/drifter.json",
    "side": "Server"
  },
  {
    "op": "replace",
    "path": "/server/behaviors/2/currenthealthByType/*-tainted",
    "value": 24,
    "file": "game:entities/land/drifter.json",
    "side": "Server"
  },
  {
    "op": "replace",
    "path": "/server/behaviors/2/maxhealthByType/*-corrupt",
    "value": 32,
    "file": "game:entities/land/drifter.json",
    "side": "Server"
  },
  {
    "op": "replace",
    "path": "/server/behaviors/2/maxhealthByType/*-deep",
    "value": 18,
    "file": "game:entities/land/drifter.json",
    "side": "Server"
  },
  {
    "op": "replace",
    "path": "/server/behaviors/2/maxhealthByType/*-double-headed",
    "value": 65,
    "file": "game:entities/land/drifter.json",
    "side": "Server"
  },
  {
    "op": "replace",
    "path": "/server/behaviors/2/maxhealthByType/*-nightmare",
    "value": 42,
    "file": "game:entities/land/drifter.json",
    "side": "Server"
  },
  {
    "op": "replace",
    "path": "/server/behaviors/2/maxhealthByType/*-normal",
    "value": 14,
    "file": "game:entities/land/drifter.json",
    "side": "Server"
  },
  {
    "op": "replace",
    "path": "/server/behaviors/2/maxhealthByType/*-tainted",
    "value": 24,
    "file": "game:entities/land/drifter.json",
    "side": "Server"
  },
  {
    "op": "replace",
    "path": "/server/behaviors/7/states/0/chanceByType/*-deep",
    "value": 0.05,
    "file": "game:entities/land/drifter.json",
    "side": "Server"
  },
  {
    "op": "replace",
    "path": "/server/behaviors/7/states/0/chanceByType/*-double-headed",
    "value": 0,
    "file": "game:entities/land/drifter.json",
    "side": "Server"
  },
  {
    "op": "replace",
    "path": "/server/behaviors/7/states/0/chanceByType/*-normal",
    "value": 0.1,
    "file": "game:entities/land/drifter.json",
    "side": "Server"
  },
  {
    "op": "replace",
    "path": "/server/behaviors/7/states/0/chanceByType/*-tainted",
    "value": 0.02,
    "file": "game:entities/land/drifter.json",
    "side": "Server"
  },
  {
    "op": "remove",
    "path": "/server/behaviors/8/aitasks/2",
    "file": "game:entities/land/drifter.json",
    "side": "Server"
  },
  {
    "op": "remove",
    "path": "/server/behaviors/8/aitasks/2",
    "file": "game:entities/land/drifter.json",
    "side": "Server"
  },
  {
    "op": "remove",
    "path": "/server/behaviors/8/aitasks/2",
    "file": "game:entities/land/drifter.json",
    "side": "Server"
  },
  {
    "op": "remove",
    "path": "/server/behaviors/8/aitasks/2",
    "file": "game:entities/land/drifter.json",
    "side": "Server"
  },
  {
    "op": "remove",
    "path": "/server/behaviors/8/aitasks/2",
    "file": "game:entities/land/drifter.json",
    "side": "Server"
  },
  {
    "op": "remove",
    "path": "/server/behaviors/8/aitasks/2",
    "file": "game:entities/land/drifter.json",
    "side": "Server"
  },
  {
    "op": "remove",
    "path": "/server/behaviors/8/aitasks/2",
    "file": "game:entities/land/drifter.json",
    "side": "Server"
  },
  {
    "op": "remove",
    "path": "/server/behaviors/8/aitasks/2",
    "file": "game:entities/land/drifter.json",
    "side": "Server"
  },
  {
    "op": "replace",
    "path": "/server/behaviors/8/aitasks/2",
    "value": {
      "code": "meleeattack",
      "entityCodes": [
        "player"
      ],
      "priority": 2,
      "damageByType": {
        "*-normal": 2.5,
        "*-deep": 5,
        "*-tainted": 10,
        "*-corrupt": 15,
        "*-nightmare": 25,
        "*-double-headed": 30
      },
      "damageTierByType": {
        "*-normal": 1,
        "*-deep": 2,
        "*-tainted": 3,
        "*-corrupt": 4,
        "*-nightmare": 5,
        "*-double-headed": 6
      },
      "mincooldownByType": {
        "*-normal": 1400,
        "*-deep": 1100,
        "*-tainted": 900,
        "*-corrupt": 600,
        "*-nightmare": 600,
        "*-double-headed": 900
      },
      "maxcooldownByType": {
        "*-normal": 1600,
        "*-deep": 1300,
        "*-tainted": 1100,
        "*-corrupt": 900,
        "*-nightmare": 900,
        "*-double-headed": 1100
      },
      "damagePlayerAtMsByType": {
        "*-normal": 300,
        "*-deep": 300,
        "*-tainted": 300,
        "*-corrupt": 300,
        "*-nightmare": 300,
        "*-double-headed": 300
      },
      "attackDurationMsByType": {
        "*-normal": 1100,
        "*-deep": 1100,
        "*-tainted": 1100,
        "*-corrupt": 1100,
        "*-nightmare": 1100,
        "*-double-headed": 1100
      },
      "damageTypeByType": {
        "*-corrupt": "SlashingAttack",
        "*-nightmare": "SlashingAttack",
        "*-double-headed": "SlashingAttack"
      },
      "animation": "standattack",
      "animationSpeed": 1.3,
      "minDist": 2.5,
      "minVerDist": 1.5,
      "sound": "creature/drifter-hit",
      "soundStartMs": 500
    },
    "file": "game:entities/land/drifter.json",
    "side": "Server"
  },
  {
    "op": "add",
    "path": "/server/behaviors/8/aitasks/3",
    "value": {
      "code": "throwatentity",
      "entityCodes": [
        "player"
      ],
      "priority": 1.5,
      "priorityForCancel": 9,
      "mincooldown": 1000,
      "maxcooldown": 10000,
      "durationMs": 1200,
      "releaseAtMs": 700,
      "seekingRange": 15,
      "animationSpeed": 1.5,
      "animation": "standthrowleft"
    },
    "file": "game:entities/land/drifter.json",
    "side": "Server"
  },
  {
    "op": "add",
    "path": "/server/behaviors/8/aitasks/4",
    "value": {
      "code": "seekentity",
      "entityCodes": [
        "player"
      ],
      "priority": 1.5,
      "mincooldown": 400,
      "maxcooldown": 800,
      "movespeed": 0.018,
      "seekingRange": 20,
      "animationSpeed": 1.3,
      "animation": "standrun",
      "sound": "creature/drifter-aggro"
    },
    "file": "game:entities/land/drifter.json",
    "side": "Server"
  },
  {
    "op": "add",
    "path": "/server/behaviors/8/aitasks/5",
    "value": {
      "code": "idle",
      "priority": 1.2,
      "priorityForCancel": 1.35,
      "minduration": 4000,
      "maxduration": 6000,
      "chance": 0.001,
      "initialMinCoolDown": 2000,
      "initialMaxCoolDown": 150000,
      "mincooldown": 300000,
      "maxcooldown": 10000000,
      "animation": "standdespair",
      "animationSpeed": 1.25
    },
    "file": "game:entities/land/drifter.json",
    "side": "Server"
  },
  {
    "op": "add",
    "path": "/server/behaviors/8/aitasks/6",
    "value": {
      "code": "idle",
      "priority": 1.2,
      "priorityForCancel": 2.1,
      "minduration": 4000,
      "maxduration": 6000,
      "chance": 0.001,
      "initialMinCoolDown": 2000,
      "initialMaxCoolDown": 150000,
      "mincooldown": 300000,
      "maxcooldown": 10000000,
      "animation": "standcry",
      "animationSpeed": 1
    },
    "file": "game:entities/land/drifter.json",
    "side": "Server"
  },
  {
    "op": "add",
    "path": "/server/behaviors/8/aitasks/7",
    "value": {
      "code": "wander",
      "priorityByType": {
        "*-normal": 0.5,
        "*-deep": 0.75,
        "*-tainted": 1.25,
        "*-corrupt": 1.3,
        "*-nightmare": 1.4,
        "*-double-headed": 0
      },
      "movespeedByType": {
        "*-normal": 0.014,
        "*-deep": 0.016,
        "*-tainted": 0.018,
        "*-corrupt": 0.02,
        "*-nightmare": 0.02,
        "*-double-headed": 0.015
      },
      "animationSpeed": 1.2,
      "animation": "standrun"
    },
    "file": "game:entities/land/drifter.json",
    "side": "Server"
  },
  {
    "op": "add",
    "path": "/server/behaviors/8/aitasks/8",
    "value": {
      "code": "wander",
      "cancelOnHurt": true,
      "priority": 0.55,
      "priorityForCancel": 1.1,
      "movespeed": 0.01,
      "animationSpeed": 1.2,
      "animation": "standwalk",
      "preferredLightLevel": 15
    },
    "file": "game:entities/land/drifter.json",
    "side": "Server"
  },
  {
    "op": "add",
    "path": "/server/behaviors/8/aitasks/9",
    "value": {
      "code": "wander",
      "cancelOnHurt": true,
      "priority": 0.55,
      "priorityForCancel": 1.1,
      "movespeed": 0.008,
      "animationSpeed": 1.1,
      "animation": "standlowwalk",
      "preferredLightLevel": 15
    },
    "file": "game:entities/land/drifter.json",
    "side": "Server"
  },
  {
    "op": "add",
    "path": "/server/behaviors/8/aitasks/10",
    "value": {
      "code": "getoutofwater",
      "priority": 1.4,
      "movespeed": 0.015,
      "animation": "standwalk",
      "animationSpeed": 1.55
    },
    "file": "game:entities/land/drifter.json",
    "side": "Server"
  },
  {
    "op": "add",
    "path": "/server/behaviors/8/aitasks/11",
    "value": {
      "code": "lookaround",
      "cancelOnHurt": true,
      "priority": 0.5
    },
    "file": "game:entities/land/drifter.json",
    "side": "Server"
  },
  {
    "op": "replace",
    "path": "/server/behaviors/9/dropsByType/*-corrupt",
    "value": [
      {
        "type": "item",
        "code": "gear-temporal",
        "quantity": {
          "avg": 0.065,
          "var": 0
        }
      },
      {
        "type": "item",
        "code": "rustandrot:drifterorgan",
        "quantity": {
          "avg": 0.5,
          "var": 0
        }
      },
      {
        "type": "item",
        "code": "gear-rusty",
        "dropModbyStat": "rustyGearDropRate",
        "quantity": {
          "avg": 0.5,
          "var": 0
        }
      },
      {
        "type": "item",
        "code": "flaxtwine",
        "quantity": {
          "avg": 1.5,
          "var": 0.5
        }
      }
    ],
    "file": "game:entities/land/drifter.json",
    "side": "Server"
  },
  {
    "op": "replace",
    "path": "/server/behaviors/9/dropsByType/*-deep",
    "value": [
      {
        "type": "item",
        "code": "gear-temporal",
        "quantity": {
          "avg": 0.035,
          "var": 0
        }
      },
      {
        "type": "item",
        "code": "gear-rusty",
        "dropModbyStat": "rustyGearDropRate",
        "quantity": {
          "avg": 0.08,
          "var": 0
        }
      },
      {
        "type": "item",
        "code": "rustandrot:drifterorgan",
        "quantity": {
          "avg": 0.5,
          "var": 0
        }
      },
      {
        "type": "item",
        "code": "flaxfibers",
        "quantity": {
          "avg": 2,
          "var": 1
        }
      },
      {
        "type": "item",
        "code": "flaxtwine",
        "quantity": {
          "avg": 0.12,
          "var": 0
        }
      }
    ],
    "file": "game:entities/land/drifter.json",
    "side": "Server"
  },
  {
    "op": "remove",
    "path": "/server/behaviors/9/dropsByType/*-double-headed/1/dropModbyStat",
    "file": "game:entities/land/drifter.json",
    "side": "Server"
  },
  {
    "op": "replace",
    "path": "/server/behaviors/9/dropsByType/*-double-headed/1/code",
    "value": "rustandrot:drifterorgan",
    "file": "game:entities/land/drifter.json",
    "side": "Server"
  },
  {
    "op": "replace",
    "path": "/server/behaviors/9/dropsByType/*-double-headed/1/quantity/avg",
    "value": 0.5,
    "file": "game:entities/land/drifter.json",
    "side": "Server"
  },
  {
    "op": "replace",
    "path": "/server/behaviors/9/dropsByType/*-double-headed/1/quantity/var",
    "value": 0,
    "file": "game:entities/land/drifter.json",
    "side": "Server"
  },
  {
    "op": "add",
    "path": "/server/behaviors/9/dropsByType/*-double-headed/2/dropModbyStat",
    "value": "rustyGearDropRate",
    "file": "game:entities/land/drifter.json",
    "side": "Server"
  },
  {
    "op": "replace",
    "path": "/server/behaviors/9/dropsByType/*-double-headed/2/code",
    "value": "gear-rusty",
    "file": "game:entities/land/drifter.json",
    "side": "Server"
  },
  {
    "op": "replace",
    "path": "/server/behaviors/9/dropsByType/*-double-headed/2/quantity/avg",
    "value": 7.5,
    "file": "game:entities/land/drifter.json",
    "side": "Server"
  },
  {
    "op": "replace",
    "path": "/server/behaviors/9/dropsByType/*-double-headed/2/quantity/var",
    "value": 2.5,
    "file": "game:entities/land/drifter.json",
    "side": "Server"
  },
  {
    "op": "replace",
    "path": "/server/behaviors/9/dropsByType/*-double-headed/3/code",
    "value": "flaxtwine",
    "file": "game:entities/land/drifter.json",
    "side": "Server"
  },
  {
    "op": "replace",
    "path": "/server/behaviors/9/dropsByType/*-double-headed/3/quantity/avg",
    "value": 5,
    "file": "game:entities/land/drifter.json",
    "side": "Server"
  },
  {
    "op": "replace",
    "path": "/server/behaviors/9/dropsByType/*-double-headed/3/quantity/var",
    "value": 1,
    "file": "game:entities/land/drifter.json",
    "side": "Server"
  },
  {
    "op": "add",
    "path": "/server/behaviors/9/dropsByType/*-double-headed/3/code",
    "value": "stackrandomizer-alljonas",
    "file": "game:entities/land/drifter.json",
    "side": "Server"
  },
  {
    "op": "replace",
    "path": "/server/behaviors/9/dropsByType/*-double-headed/3/quantity/avg",
    "value": 0.4,
    "file": "game:entities/land/drifter.json",
    "side": "Server"
  },
  {
    "op": "replace",
    "path": "/server/behaviors/9/dropsByType/*-double-headed/3/quantity/var",
    "value": 0,
    "file": "game:entities/land/drifter.json",
    "side": "Server"
  },
  {
    "op": "replace",
    "path": "/server/behaviors/9/dropsByType/*-nightmare",
    "value": [
      {
        "type": "item",
        "code": "gear-temporal",
        "quantity": {
          "avg": 0.08,
          "var": 0
        }
      },
      {
        "type": "item",
        "code": "rustandrot:drifterorgan",
        "quantity": {
          "avg": 0.5,
          "var": 0
        }
      },
      {
        "type": "item",
        "code": "gear-rusty",
        "dropModbyStat": "rustyGearDropRate",
        "quantity": {
          "avg": 0.5,
          "var": 1.5
        }
      },
      {
        "type": "item",
        "code": "flaxtwine",
        "quantity": {
          "avg": 1,
          "var": 2
        }
      }
    ],
    "file": "game:entities/land/drifter.json",
    "side": "Server"
  },
  {
    "op": "replace",
    "path": "/server/behaviors/9/dropsByType/*-normal",
    "value": [
      {
        "type": "item",
        "code": "gear-temporal",
        "quantity": {
          "avg": 0.027,
          "var": 0
        }
      },
      {
        "type": "item",
        "code": "flaxfibers",
        "quantity": {
          "avg": 1,
          "var": 1
        }
      },
      {
        "type": "item",
        "code": "flaxtwine",
        "quantity": {
          "avg": 0.08,
          "var": 0
        }
      },
      {
        "type": "item",
        "code": "rustandrot:drifterorgan",
        "quantity": {
          "avg": 0.5,
          "var": 0
        }
      },
      {
        "type": "item",
        "code": "gear-rusty",
        "dropModbyStat": "rustyGearDropRate",
        "quantity": {
          "avg": 0.02,
          "var": 0
        }
      }
    ],
    "file": "game:entities/land/drifter.json",
    "side": "Server"
  },
  {
    "op": "replace",
    "path": "/server/behaviors/9/dropsByType/*-tainted",
    "value": [
      {
        "type": "item",
        "code": "gear-temporal",
        "quantity": {
          "avg": 0.05,
          "var": 0
        }
      },
      {
        "type": "item",
        "code": "gear-rusty",
        "dropModbyStat": "rustyGearDropRate",
        "quantity": {
          "avg": 0.2,
          "var": 0
        }
      },
      {
        "type": "item",
        "code": "rustandrot:drifterorgan",
        "quantity": {
          "avg": 0.5,
          "var": 0
        }
      },
      {
        "type": "item",
        "code": "flaxfibers",
        "quantity": {
          "avg": 2.5,
          "var": 1.5
        }
      },
      {
        "type": "item",
        "code": "flaxtwine",
        "quantity": {
          "avg": 0.2,
          "var": 0
        }
      }
    ],
    "file": "game:entities/land/drifter.json",
    "side": "Server"
  },
  {
    "op": "replace",
    "path": "/server/spawnconditions/runtime/chance",
    "value": 0.08,
    "file": "game:entities/land/drifter.json",
    "side": "Server"
  },
  {
    "op": "replace",
    "path": "/server/spawnconditions/runtime/groupSizeByType/*-normal/var",
    "value": 2,
    "file": "game:entities/land/drifter.json",
    "side": "Server"
  },
  {
    "op": "remove",
    "path": "/server/spawnconditions/runtime/insideBlockCodes/2",
    "file": "game:entities/land/drifter.json",
    "side": "Server"
  },
  {
    "op": "replace",
    "path": "/server/spawnconditions/runtime/maxLightLevel",
    "value": 9,
    "file": "game:entities/land/drifter.json",
    "side": "Server"
  },
  {
    "op": "replace",
    "path": "/server/spawnconditions/runtime/maxQuantityByType/*-corrupt",
    "value": 4,
    "file": "game:entities/land/drifter.json",
    "side": "Server"
  },
  {
    "op": "replace",
    "path": "/server/spawnconditions/runtime/maxQuantityByType/*-deep",
    "value": 6,
    "file": "game:entities/land/drifter.json",
    "side": "Server"
  },
  {
    "op": "replace",
    "path": "/server/spawnconditions/runtime/maxQuantityByType/*-nightmare",
    "value": 3,
    "file": "game:entities/land/drifter.json",
    "side": "Server"
  },
  {
    "op": "replace",
    "path": "/server/spawnconditions/runtime/maxQuantityByType/*-normal",
    "value": 8,
    "file": "game:entities/land/drifter.json",
    "side": "Server"
  },
  {
    "op": "replace",
    "path": "/server/spawnconditions/runtime/maxQuantityByType/*-tainted",
    "value": 5,
    "file": "game:entities/land/drifter.json",
    "side": "Server"
  },
  {
    "op": "replace",
    "path": "/server/spawnconditions/runtime/minYByType/*-deep",
    "value": 0.25,
    "file": "game:entities/land/drifter.json",
    "side": "Server"
  }
]