{
	code: "shackles",
	shape: { base: "rustandrot:item/tool/shackles" },
	textures: {
		"rusty-iron": { base: "game:block/metal/tarnished/rusty-iron.png" },
	},
	heldTpIdleAnimation: "holdbothhandslarge",
	heldTphitAnimation: "falx",
	attackRange: 1,
	tooltier: 5,
	attackPower: 6,
	attributes: {
		heldItemPitchFollow: 0.9,
		rackable: true,
		toolrackTransform: {
			translation: { x: -0, y: 0.4, z: 0.1 },
			rotation: { x: 0, y: -81, z: -33 },
			scale: 0.91
		},
		toolrackTransform: {
			translation: { x: -1, y: 0.4, z: 0.6 },
			rotation: { x: 0, y: -81, z: -33 },
			scale: 2.45
			}
	},
	behaviors: [{ 
		name: "GroundStorable",
		properties: {
			layout: 'WallHalves',
			wallOffYByType: {
				"*": 1
			},
			sprintKey: true,
			selectionBox: { x1: 0, y1: 0, z1: 0, x2: 1, y2: 0.1, z2: 1 },
			collisionBox: { x1: 0, y1: 0, z1: 0, x2: 0, y2: 0, z2: 0 },
		}
	}, { name: "AnimationAuthoritative" }],
	creativeinventory: { "general": ["*"], "items": ["*"] },
	durability: 1800,
	creativeinventory: { 
		"general": ["*"], 
		"items": ["*"], 
		"tools": ["*"],
		"rustandrot": ["*"] },
	fpHandTransform: {
		translation: { x: 0, y: 0, z: 0 },
		rotation: { x: 72, y: 143, z: -30 },
		origin: { x: 0.5, y: 0.3, z: 0.5 },
		scale: 1.53
	},
	guiTransform: {
		translation: { x: 42, y: 8, z: 0 },
		rotation: { x: -53, y: 34, z: -9 },
		origin: { x: 0.58, y: 0.19, z: 0.44 },
		scale: 2.88
	},
	tpHandTransform: {
		translation: { x: -0.08, y: 0.28, z: 0.16 },
		rotation: { x: -2, y: -167, z: 78 },
		origin: { x: 0.5, y: 0, z: 0.5 },
		scale: 1.31
	},
	groundTransform: {
		translation: { x: 0, y: 0, z: 0 },
		rotation: { x: 0, y: 0, z: 0 },
		origin: { x: 0.5, y: 0, z: 0.5 },
		scale: 5
	}
}