{
	"editor": {
		"collapsedPaths": "Root/bandN/toothR1,Root/bandN/toothL1",
		"allAngles": true,
		"entityTextureMode": false
	},
	"textureWidth": 16,
	"textureHeight": 16,
	"textureSizes": {
	},
	"textures": {
	},
	"elements": [
		{
			"name": "base2",
			"stepParentName": "UpperTorso",
			"from": [ 4.75, -2.7, 6.65 ],
			"to": [ 10.75, 2.3, 10.65 ],
			"rotationOrigin": [ 4.7509, -2.6971, 6.15 ],
			"rotationX": -90.0,
			"rotationY": 83.0,
			"rotationZ": 91.0,
			"faces": {
				"north": { "texture": "#leather", "uv": [ 9.5, 8.0, 15.5, 13.0 ] },
				"east": { "texture": "#leather", "uv": [ 0.5, 9.0, 4.5, 14.0 ] },
				"south": { "texture": "#leather", "uv": [ 4.5, 5.5, 10.5, 10.5 ] },
				"west": { "texture": "#leather", "uv": [ 10.0, 9.0, 14.0, 14.0 ] },
				"up": { "texture": "#leather", "uv": [ 4.5, 3.5, 10.5, 7.5 ] },
				"down": { "texture": "#leather", "uv": [ 1.5, 10.0, 7.5, 14.0 ] }
			},
			"children": [
				{
					"name": "L large pocket2",
					"from": [ 0.7, 0.6, 0.1 ],
					"to": [ 1.7, 3.6, 3.6 ],
					"rotationOrigin": [ 1.2, 5.6, 2.0 ],
					"rotationY": -6.0,
					"rotationZ": -19.0,
					"faces": {
						"north": { "texture": "#leather", "uv": [ 0.0, 0.0, 1.0, 3.0 ] },
						"east": { "texture": "#leather", "uv": [ 0.0, 0.0, 3.5, 3.0 ] },
						"south": { "texture": "#leather", "uv": [ 8.5, 0.0, 9.5, 3.0 ] },
						"west": { "texture": "#leather", "uv": [ 7.0, 0.0, 10.5, 3.0 ] },
						"up": { "texture": "#leather", "uv": [ 13.0, 9.5, 14.0, 13.0 ] },
						"down": { "texture": "#leather", "uv": [ 0.0, 1.0, 1.0, 4.5 ] }
					}
				},
				{
					"name": "base3",
					"from": [ 0.0515, 2.9987, -0.1671 ],
					"to": [ 6.0515, 7.9987, 3.8329 ],
					"rotationOrigin": [ 0.0524, 3.0016, -0.6671 ],
					"rotationX": 10.998,
					"rotationY": -0.191,
					"rotationZ": 0.018,
					"faces": {
						"north": { "texture": "#leather", "uv": [ 9.5, 8.0, 15.5, 13.0 ] },
						"east": { "texture": "#leather", "uv": [ 0.5, 9.0, 4.5, 14.0 ] },
						"south": { "texture": "#leather", "uv": [ 4.5, 5.5, 10.5, 10.5 ] },
						"west": { "texture": "#leather", "uv": [ 10.0, 9.0, 14.0, 14.0 ] },
						"up": { "texture": "#leather", "uv": [ 4.5, 3.5, 10.5, 7.5 ] },
						"down": { "texture": "#leather", "uv": [ 1.5, 10.0, 7.5, 14.0 ] }
					},
					"children": [
						{
							"name": "L large pocket3",
							"from": [ -1.4, 1.0, 0.4 ],
							"to": [ -0.4, 4.0, 3.9 ],
							"rotationOrigin": [ -0.9, 6.0, 2.3 ],
							"rotationZ": 17.0,
							"faces": {
								"north": { "texture": "#leather", "uv": [ 0.0, 0.0, 1.0, 3.0 ] },
								"east": { "texture": "#leather", "uv": [ 0.0, 0.0, 3.5, 3.0 ] },
								"south": { "texture": "#leather", "uv": [ 8.5, 0.0, 9.5, 3.0 ] },
								"west": { "texture": "#leather", "uv": [ 7.0, 0.0, 10.5, 3.0 ] },
								"up": { "texture": "#leather", "uv": [ 13.0, 9.5, 14.0, 13.0 ] },
								"down": { "texture": "#leather", "uv": [ 0.0, 1.0, 1.0, 4.5 ] }
							}
						},
						{
							"name": "R large pocket3",
							"from": [ 6.8, 1.0, 0.3 ],
							"to": [ 7.8, 3.9, 3.8 ],
							"rotationOrigin": [ 7.3, 6.0, 1.8 ],
							"rotationZ": -19.0,
							"faces": {
								"north": { "texture": "#leather", "uv": [ 0.0, 0.0, 1.0, 2.5 ] },
								"east": { "texture": "#leather", "uv": [ 2.5, 0.0, 6.0, 2.5 ] },
								"south": { "texture": "#leather", "uv": [ 1.5, 0.0, 2.5, 2.5 ] },
								"west": { "texture": "#leather", "uv": [ 6.5, 0.5, 10.0, 3.0 ] },
								"up": { "texture": "#leather", "uv": [ 3.5, 6.5, 4.5, 10.0 ] },
								"down": { "texture": "#leather", "uv": [ 1.0, 0.5, 2.0, 4.0 ] }
							}
						}
					]
				},
				{
					"name": "R large pocket2",
					"from": [ 4.6, 0.3, 0.12 ],
					"to": [ 5.6, 3.2, 3.62 ],
					"rotationOrigin": [ 5.104, 5.3, 1.6234 ],
					"rotationY": -6.0,
					"rotationZ": 19.0,
					"faces": {
						"north": { "texture": "#leather", "uv": [ 0.0, 0.0, 1.0, 2.5 ] },
						"east": { "texture": "#leather", "uv": [ 2.5, 0.0, 6.0, 2.5 ] },
						"south": { "texture": "#leather", "uv": [ 1.5, 0.0, 2.5, 2.5 ] },
						"west": { "texture": "#leather", "uv": [ 6.5, 0.5, 10.0, 3.0 ] },
						"up": { "texture": "#leather", "uv": [ 3.5, 6.5, 4.5, 10.0 ] },
						"down": { "texture": "#leather", "uv": [ 1.0, 0.5, 2.0, 4.0 ] }
					}
				},
				{
					"name": "Cube2",
					"from": [ -0.2511, 2.9892, -0.3221 ],
					"to": [ 6.6489, 3.9892, 4.6779 ],
					"rotationOrigin": [ -0.2479, 2.9871, -0.6221 ],
					"rotationX": -3.0,
					"rotationY": 0.052,
					"rotationZ": 0.001,
					"faces": {
						"north": { "texture": "#straps", "uv": [ 0.0, 0.0, 6.5, 1.0 ] },
						"east": { "texture": "#straps", "uv": [ 0.0, 0.0, 5.0, 1.0 ] },
						"south": { "texture": "#straps", "uv": [ 0.0, 0.0, 6.5, 1.0 ] },
						"west": { "texture": "#straps", "uv": [ 0.0, 0.0, 5.0, 1.0 ] },
						"up": { "texture": "#straps", "uv": [ 0.0, 0.0, 6.5, 5.0 ] },
						"down": { "texture": "#straps", "uv": [ 0.0, 0.0, 6.5, 5.0 ] }
					}
				}
			]
		}
	]}