{
	"editor": {
		"collapsedPaths": "Root/bandN/toothR1,Root/origin,Root/bandN/toothL1",
		"allAngles": true,
		"entityTextureMode": false
	},
	"textureWidth": 16,
	"textureHeight": 16,
	"textureSizes": {
	},
	"textures": {
	},
	"elements": [
		{
			"name": "Cube1",
			"from": [ 7.5, 1.5, 2.5 ],
			"to": [ 9.45, 14.65, 4.45 ],
			"rotationOrigin": [ 7.5, 3.0, 2.5 ],
			"rotationX": 90.0,
			"faces": {
				"north": { "texture": "#bone", "uv": [ 4.5, 1.5, 6.0, 14.5 ] },
				"east": { "texture": "#bone", "uv": [ 4.0, 2.0, 5.5, 15.0 ] },
				"south": { "texture": "#bone", "uv": [ 4.0, 2.0, 5.5, 15.0 ] },
				"west": { "texture": "#bone", "uv": [ 9.5, 1.0, 11.0, 14.0 ] },
				"up": { "texture": "#bone", "uv": [ 0.0, 0.0, 1.5, 1.5 ] },
				"down": { "texture": "#bone", "uv": [ 0.0, 0.0, 1.5, 1.5 ] }
			},
			"children": [
				{
					"name": "Cube2",
					"from": [ -0.9, 16.65, -0.3 ],
					"to": [ 1.35, 18.9, 1.95 ],
					"rotationOrigin": [ 1.35, 16.65, 0.9 ],
					"rotationZ": 8.0,
					"faces": {
						"north": { "texture": "#bone", "uv": [ 4.5, 5.0, 6.75, 7.25 ] },
						"east": { "texture": "#bone", "uv": [ 4.5, 4.5, 6.75, 6.75 ] },
						"south": { "texture": "#bone", "uv": [ 11.5, 6.5, 13.75, 8.75 ] },
						"west": { "texture": "#bone", "uv": [ 3.0, 6.5, 5.25, 8.75 ] },
						"up": { "texture": "#bone", "uv": [ 5.0, 4.5, 7.25, 6.75 ] },
						"down": { "texture": "#bone", "uv": [ 6.0, 4.5, 8.25, 6.75 ] }
					}
				},
				{
					"name": "Cube3",
					"from": [ 0.0, 17.4, -0.75 ],
					"to": [ 2.85, 20.1, 2.55 ],
					"rotationOrigin": [ 0.0, 17.4, 0.75 ],
					"rotationZ": -9.0,
					"faces": {
						"north": { "texture": "#bone", "uv": [ 13.5, 1.0, 15.75, 3.25 ] },
						"east": { "texture": "#bone", "uv": [ 8.5, 6.0, 11.5, 8.25 ] },
						"south": { "texture": "#bone", "uv": [ 8.5, 12.0, 10.75, 14.25 ] },
						"west": { "texture": "#bone", "uv": [ 3.5, 7.5, 6.5, 9.75 ] },
						"up": { "texture": "#bone", "uv": [ 9.5, 5.5, 11.75, 8.5 ] },
						"down": { "texture": "#bone", "uv": [ 6.0, 3.5, 8.25, 6.5 ] }
					}
				},
				{
					"name": "Cube4",
					"from": [ -0.3, -1.5, -0.3 ],
					"to": [ 1.2, 0.0, 1.95 ],
					"rotationOrigin": [ 1.35, 0.0, 0.45 ],
					"rotationZ": -23.0,
					"faces": {
						"north": { "texture": "#bone", "uv": [ 11.0, 2.5, 12.5, 4.0 ] },
						"east": { "texture": "#bone", "uv": [ 4.5, 2.5, 6.75, 4.0 ] },
						"south": { "texture": "#bone", "uv": [ 6.0, 11.5, 7.5, 13.0 ] },
						"west": { "texture": "#bone", "uv": [ 4.5, 5.0, 6.75, 6.5 ] },
						"up": { "texture": "#bone", "uv": [ 7.0, 8.0, 8.5, 10.25 ] },
						"down": { "texture": "#bone", "uv": [ 6.5, 7.5, 8.0, 9.75 ] }
					}
				},
				{
					"name": "Cube5",
					"from": [ 0.3, -0.9, -0.45 ],
					"to": [ 1.8, 0.6, 1.8 ],
					"rotationOrigin": [ 0.3, 0.6, 0.75 ],
					"rotationZ": 5.0,
					"faces": {
						"north": { "texture": "#bone", "uv": [ 12.5, 11.0, 14.0, 12.5 ] },
						"east": { "texture": "#bone", "uv": [ 8.5, 7.5, 10.75, 9.0 ] },
						"south": { "texture": "#bone", "uv": [ 4.5, 13.5, 6.0, 15.0 ] },
						"west": { "texture": "#bone", "uv": [ 9.0, 7.0, 11.25, 8.5 ] },
						"up": { "texture": "#bone", "uv": [ 10.5, 6.5, 12.0, 8.75 ] },
						"down": { "texture": "#bone", "uv": [ 5.5, 0.5, 7.0, 2.75 ] }
					}
				},
				{
					"name": "brazo",
					"from": [ -0.15, 0.9, -0.15 ],
					"to": [ 2.1, 5.25, 2.1 ],
					"rotationOrigin": [ -0.15, 0.9, -0.15 ],
					"faces": {
						"north": { "texture": "#leather", "uv": [ 0.0, 0.0, 2.25, 3.75 ] },
						"east": { "texture": "#leather", "uv": [ 0.0, 0.0, 2.25, 3.75 ] },
						"south": { "texture": "#leather", "uv": [ 0.0, 0.0, 2.25, 3.75 ] },
						"west": { "texture": "#leather", "uv": [ 0.0, 0.0, 2.25, 3.75 ] },
						"up": { "texture": "#leather", "uv": [ 0.0, 0.0, 2.25, 2.25 ] },
						"down": { "texture": "#leather", "uv": [ 0.0, 0.0, 2.25, 2.25 ] }
					}
				},
				{
					"name": "brazo2",
					"from": [ -0.15, 11.4, -0.15 ],
					"to": [ 2.1, 15.75, 2.1 ],
					"rotationOrigin": [ -0.15, 11.4, -0.15 ],
					"faces": {
						"north": { "texture": "#leather", "uv": [ 0.0, 0.0, 2.25, 3.75 ] },
						"east": { "texture": "#leather", "uv": [ 0.0, 0.0, 2.25, 3.75 ] },
						"south": { "texture": "#leather", "uv": [ 0.0, 0.0, 2.25, 3.75 ] },
						"west": { "texture": "#leather", "uv": [ 0.0, 0.0, 2.25, 3.75 ] },
						"up": { "texture": "#leather", "uv": [ 0.0, 0.0, 2.25, 2.25 ] },
						"down": { "texture": "#leather", "uv": [ 0.0, 0.0, 2.25, 2.25 ] }
					}
				},
				{
					"name": "Cube6",
					"from": [ 1.2, -1.05, 0.0 ],
					"to": [ 3.15, 3.6, 1.95 ],
					"rotationOrigin": [ 1.35, -0.9, -0.15 ],
					"rotationZ": 135.0,
					"faces": {
						"north": { "texture": "#bone", "uv": [ 2.5, 6.5, 4.0, 11.0 ] },
						"east": { "texture": "#bone", "uv": [ 4.0, 2.5, 5.5, 7.0 ] },
						"south": { "texture": "#bone", "uv": [ 4.0, 2.0, 5.5, 6.5 ] },
						"west": { "texture": "#bone", "uv": [ 10.0, 8.0, 11.5, 12.5 ] },
						"up": { "texture": "#bone", "uv": [ 0.0, 0.0, 1.5, 1.5 ] },
						"down": { "texture": "#bone", "uv": [ 0.0, 0.0, 1.5, 1.5 ] }
					}
				},
				{
					"name": "Cube7",
					"from": [ -1.5, -3.15, 0.15 ],
					"to": [ 0.45, 1.5, 1.8 ],
					"rotationOrigin": [ -1.35, -3.0, 0.0 ],
					"rotationZ": 180.0,
					"faces": {
						"north": { "texture": "#bone", "uv": [ 2.5, 6.5, 4.0, 11.0 ] },
						"east": { "texture": "#bone", "uv": [ 4.0, 2.5, 5.5, 7.0 ] },
						"south": { "texture": "#bone", "uv": [ 4.0, 2.0, 5.5, 6.5 ] },
						"west": { "texture": "#bone", "uv": [ 10.0, 8.0, 11.5, 12.5 ] },
						"up": { "texture": "#bone", "uv": [ 0.0, 0.0, 1.5, 1.5 ] },
						"down": { "texture": "#bone", "uv": [ 0.0, 0.0, 1.5, 1.5 ] }
					}
				},
				{
					"name": "Cube8",
					"from": [ -2.25, -6.3, 0.0 ],
					"to": [ -0.3, -1.65, 1.95 ],
					"rotationOrigin": [ -2.1, -6.15, -0.15 ],
					"rotationZ": -122.0,
					"faces": {
						"north": { "texture": "#bone", "uv": [ 2.5, 6.5, 4.0, 11.0 ] },
						"east": { "texture": "#bone", "uv": [ 4.0, 2.5, 5.5, 7.0 ] },
						"south": { "texture": "#bone", "uv": [ 4.0, 2.0, 5.5, 6.5 ] },
						"west": { "texture": "#bone", "uv": [ 10.0, 8.0, 11.5, 12.5 ] },
						"up": { "texture": "#bone", "uv": [ 0.0, 0.0, 1.5, 1.5 ] },
						"down": { "texture": "#bone", "uv": [ 0.0, 0.0, 1.5, 1.5 ] }
					}
				},
				{
					"name": "origin",
					"from": [ 1.5, 9.0, 3.0 ],
					"to": [ 1.5, 9.0, 3.0 ],
					"rotationOrigin": [ 1.5, 9.0, 3.0 ],
					"rotationX": -90.0,
					"faces": {
					},
					"children": [
						{
							"name": "skull",
							"from": [ -1.35, 0.54, -15.45 ],
							"to": [ 4.65, 6.54, -9.426 ],
							"rotationOrigin": [ 1.05, 2.34, -12.45 ],
							"rotationX": -86.0,
							"rotationY": -180.0,
							"rotationZ": 19.0,
							"faces": {
								"north": { "texture": "#human", "uv": [ 5.0, 8.5, 11.0, 14.5 ] },
								"east": { "texture": "#human", "uv": [ 6.0, 8.5, 12.0, 14.5 ] },
								"south": { "texture": "#human", "uv": [ 7.0, 8.5, 13.0, 14.5 ] },
								"west": { "texture": "#human", "uv": [ 2.0, 2.0, 8.0, 8.0 ] },
								"up": { "texture": "#human", "uv": [ 10.0, 0.5, 16.0, 6.5 ], "rotation": 90 }
							},
							"children": [
								{
									"name": "inside skull",
									"from": [ 0.12, -0.012, 0.012 ],
									"to": [ 5.88, 5.988, 6.012 ],
									"rotationOrigin": [ 0.12, -0.6, -0.24 ],
									"faces": {
										"north": { "texture": "#human-inside", "uv": [ 6.5, 8.5, 12.0, 14.5 ] },
										"east": { "texture": "#human-inside", "uv": [ 5.5, 7.0, 11.5, 13.0 ] },
										"south": { "texture": "#human-inside", "uv": [ 7.5, 8.0, 13.0, 14.0 ] },
										"west": { "texture": "#human-inside", "uv": [ 2.5, 2.0, 8.5, 8.0 ], "windMode": [-1,-1,-1,-1] },
										"up": { "texture": "#human-inside", "uv": [ 8.0, 3.5, 13.5, 9.5 ] }
									}
								}
							]
						}
					]
				},
				{
					"name": "Cube9",
					"from": [ 0.75, -8.4, 0.15 ],
					"to": [ 2.7, -3.75, 1.8 ],
					"rotationOrigin": [ 0.9, -8.25, 0.0 ],
					"rotationZ": -91.0,
					"faces": {
						"north": { "texture": "#bone", "uv": [ 2.5, 6.5, 4.0, 11.0 ] },
						"east": { "texture": "#bone", "uv": [ 4.0, 2.5, 5.5, 7.0 ] },
						"south": { "texture": "#bone", "uv": [ 4.0, 2.0, 5.5, 6.5 ] },
						"west": { "texture": "#bone", "uv": [ 10.0, 8.0, 11.5, 12.5 ] },
						"up": { "texture": "#bone", "uv": [ 0.0, 0.0, 1.5, 1.5 ] },
						"down": { "texture": "#bone", "uv": [ 0.0, 0.0, 1.5, 1.5 ] }
					}
				},
				{
					"name": "Cube10",
					"from": [ 3.9, -9.3, 0.3 ],
					"to": [ 5.4, -6.75, 1.8 ],
					"rotationOrigin": [ 4.05, -9.15, 0.15 ],
					"rotationZ": -42.0,
					"faces": {
						"north": { "texture": "#bone", "uv": [ 2.5, 6.5, 4.0, 8.75 ] },
						"east": { "texture": "#bone", "uv": [ 4.0, 2.5, 5.5, 4.75 ] },
						"south": { "texture": "#bone", "uv": [ 4.0, 2.0, 5.5, 4.25 ] },
						"west": { "texture": "#bone", "uv": [ 10.0, 8.0, 11.5, 10.25 ] },
						"up": { "texture": "#bone", "uv": [ 0.0, 0.0, 1.5, 1.5 ] },
						"down": { "texture": "#bone", "uv": [ 0.0, 0.0, 1.5, 1.5 ] }
					}
				},
				{
					"name": "Cube14",
					"from": [ -3.45, -6.6, 1.05 ],
					"to": [ -2.7, -5.4, 2.55 ],
					"rotationOrigin": [ -2.85, -6.6, 1.5 ],
					"rotationX": 90.0,
					"rotationY": -89.0,
					"rotationZ": -180.0,
					"faces": {
						"north": { "texture": "#bone", "uv": [ 0.0, 0.0, 0.75, 0.75 ] },
						"east": { "texture": "#bone", "uv": [ 0.0, 0.0, 1.5, 0.75 ] },
						"south": { "texture": "#bone", "uv": [ 0.0, 0.0, 0.75, 0.75 ] },
						"west": { "texture": "#bone", "uv": [ 0.0, 0.0, 1.5, 0.75 ] },
						"up": { "texture": "#bone", "uv": [ 0.0, 0.0, 0.75, 1.5 ] },
						"down": { "texture": "#bone", "uv": [ 0.0, 0.0, 0.75, 1.5 ] }
					}
				},
				{
					"name": "Cube15",
					"from": [ -3.45, -4.65, 1.05 ],
					"to": [ -2.7, -3.45, 2.85 ],
					"rotationOrigin": [ -2.85, -4.65, 1.5 ],
					"rotationX": 90.0,
					"rotationY": -89.0,
					"rotationZ": -180.0,
					"faces": {
						"north": { "texture": "#bone", "uv": [ 0.0, 0.0, 0.75, 0.75 ] },
						"east": { "texture": "#bone", "uv": [ 0.0, 0.0, 1.5, 0.75 ] },
						"south": { "texture": "#bone", "uv": [ 0.0, 0.0, 0.75, 0.75 ] },
						"west": { "texture": "#bone", "uv": [ 0.0, 0.0, 1.5, 0.75 ] },
						"up": { "texture": "#bone", "uv": [ 0.0, 0.0, 0.75, 1.5 ] },
						"down": { "texture": "#bone", "uv": [ 0.0, 0.0, 0.75, 1.5 ] }
					}
				},
				{
					"name": "Cube16",
					"from": [ -3.15, -3.0, 1.05 ],
					"to": [ -2.4, -1.8, 2.7 ],
					"rotationOrigin": [ -2.55, -3.0, 1.5 ],
					"rotationX": -90.0,
					"rotationY": -72.0,
					"rotationZ": 0.0,
					"faces": {
						"north": { "texture": "#bone", "uv": [ 0.0, 0.0, 0.75, 0.75 ] },
						"east": { "texture": "#bone", "uv": [ 0.0, 0.0, 1.5, 0.75 ] },
						"south": { "texture": "#bone", "uv": [ 0.0, 0.0, 0.75, 0.75 ] },
						"west": { "texture": "#bone", "uv": [ 0.0, 0.0, 1.5, 0.75 ] },
						"up": { "texture": "#bone", "uv": [ 0.0, 0.0, 0.75, 1.5 ] },
						"down": { "texture": "#bone", "uv": [ 0.0, 0.0, 0.75, 1.5 ] }
					}
				},
				{
					"name": "Cube17",
					"from": [ -2.25, -1.95, 1.05 ],
					"to": [ -1.5, -0.75, 2.7 ],
					"rotationOrigin": [ -1.65, -1.95, 1.5 ],
					"rotationX": -90.0,
					"rotationY": -47.0,
					"rotationZ": 0.0,
					"faces": {
						"north": { "texture": "#bone", "uv": [ 0.0, 0.0, 0.75, 0.75 ] },
						"east": { "texture": "#bone", "uv": [ 0.0, 0.0, 1.5, 0.75 ] },
						"south": { "texture": "#bone", "uv": [ 0.0, 0.0, 0.75, 0.75 ] },
						"west": { "texture": "#bone", "uv": [ 0.0, 0.0, 1.5, 0.75 ] },
						"up": { "texture": "#bone", "uv": [ 0.0, 0.0, 0.75, 1.5 ] },
						"down": { "texture": "#bone", "uv": [ 0.0, 0.0, 0.75, 1.5 ] }
					}
				},
				{
					"name": "Cube18",
					"from": [ -1.05, -0.9, 1.05 ],
					"to": [ -0.3, 0.3, 2.55 ],
					"rotationOrigin": [ -0.45, -0.9, 1.5 ],
					"rotationX": -90.0,
					"rotationY": -33.0,
					"rotationZ": 0.0,
					"faces": {
						"north": { "texture": "#bone", "uv": [ 0.0, 0.0, 0.75, 0.75 ] },
						"east": { "texture": "#bone", "uv": [ 0.0, 0.0, 1.5, 0.75 ] },
						"south": { "texture": "#bone", "uv": [ 0.0, 0.0, 0.75, 0.75 ] },
						"west": { "texture": "#bone", "uv": [ 0.0, 0.0, 1.5, 0.75 ] },
						"up": { "texture": "#bone", "uv": [ 0.0, 0.0, 0.75, 1.5 ] },
						"down": { "texture": "#bone", "uv": [ 0.0, 0.0, 0.75, 1.5 ] }
					}
				},
				{
					"name": "Cube19",
					"from": [ -2.85, -7.8, 1.05 ],
					"to": [ -2.1, -6.6, 2.55 ],
					"rotationOrigin": [ -2.25, -7.8, 1.5 ],
					"rotationX": 90.0,
					"rotationY": -28.0,
					"rotationZ": -180.0,
					"faces": {
						"north": { "texture": "#bone", "uv": [ 0.0, 0.0, 0.75, 0.75 ] },
						"east": { "texture": "#bone", "uv": [ 0.0, 0.0, 1.5, 0.75 ] },
						"south": { "texture": "#bone", "uv": [ 0.0, 0.0, 0.75, 0.75 ] },
						"west": { "texture": "#bone", "uv": [ 0.0, 0.0, 1.5, 0.75 ] },
						"up": { "texture": "#bone", "uv": [ 0.0, 0.0, 0.75, 1.5 ] },
						"down": { "texture": "#bone", "uv": [ 0.0, 0.0, 0.75, 1.5 ] }
					}
				},
				{
					"name": "Cube20",
					"from": [ -1.5, -8.85, 1.05 ],
					"to": [ -0.75, -7.65, 2.85 ],
					"rotationOrigin": [ -0.9, -8.85, 1.5 ],
					"rotationX": 90.0,
					"rotationY": -28.0,
					"rotationZ": -180.0,
					"faces": {
						"north": { "texture": "#bone", "uv": [ 0.0, 0.0, 0.75, 0.75 ] },
						"east": { "texture": "#bone", "uv": [ 0.0, 0.0, 1.5, 0.75 ] },
						"south": { "texture": "#bone", "uv": [ 0.0, 0.0, 0.75, 0.75 ] },
						"west": { "texture": "#bone", "uv": [ 0.0, 0.0, 1.5, 0.75 ] },
						"up": { "texture": "#bone", "uv": [ 0.0, 0.0, 0.75, 1.5 ] },
						"down": { "texture": "#bone", "uv": [ 0.0, 0.0, 0.75, 1.5 ] }
					}
				},
				{
					"name": "Cube21",
					"from": [ 0.0, -9.6, 1.05 ],
					"to": [ 0.75, -8.4, 2.85 ],
					"rotationOrigin": [ 0.6, -9.6, 1.5 ],
					"rotationX": 90.0,
					"rotationY": -8.0,
					"rotationZ": 180.0,
					"faces": {
						"north": { "texture": "#bone", "uv": [ 0.0, 0.0, 0.75, 0.75 ] },
						"east": { "texture": "#bone", "uv": [ 0.0, 0.0, 1.5, 0.75 ] },
						"south": { "texture": "#bone", "uv": [ 0.0, 0.0, 0.75, 0.75 ] },
						"west": { "texture": "#bone", "uv": [ 0.0, 0.0, 1.5, 0.75 ] },
						"up": { "texture": "#bone", "uv": [ 0.0, 0.0, 0.75, 1.5 ] },
						"down": { "texture": "#bone", "uv": [ 0.0, 0.0, 0.75, 1.5 ] }
					}
				},
				{
					"name": "Cube22",
					"from": [ 1.5, -9.6, 1.05 ],
					"to": [ 2.25, -8.4, 3.45 ],
					"rotationOrigin": [ 2.1, -9.6, 1.5 ],
					"rotationX": 90.0,
					"rotationY": 6.0,
					"rotationZ": 180.0,
					"faces": {
						"north": { "texture": "#bone", "uv": [ 0.0, 0.0, 0.75, 0.75 ] },
						"east": { "texture": "#bone", "uv": [ 0.0, 0.0, 2.25, 0.75 ] },
						"south": { "texture": "#bone", "uv": [ 0.0, 0.0, 0.75, 0.75 ] },
						"west": { "texture": "#bone", "uv": [ 0.0, 0.0, 2.25, 0.75 ] },
						"up": { "texture": "#bone", "uv": [ 0.0, 0.0, 0.75, 2.25 ] },
						"down": { "texture": "#bone", "uv": [ 0.0, 0.0, 0.75, 2.25 ] }
					}
				},
				{
					"name": "Cube23",
					"from": [ 3.3, -9.6, 1.05 ],
					"to": [ 4.05, -8.4, 3.45 ],
					"rotationOrigin": [ 3.9, -9.6, 1.5 ],
					"rotationX": 90.0,
					"rotationY": 17.0,
					"rotationZ": -180.0,
					"faces": {
						"north": { "texture": "#bone", "uv": [ 0.0, 0.0, 0.75, 0.75 ] },
						"east": { "texture": "#bone", "uv": [ 0.0, 0.0, 2.25, 0.75 ] },
						"south": { "texture": "#bone", "uv": [ 0.0, 0.0, 0.75, 0.75 ] },
						"west": { "texture": "#bone", "uv": [ 0.0, 0.0, 2.25, 0.75 ] },
						"up": { "texture": "#bone", "uv": [ 0.0, 0.0, 0.75, 2.25 ] },
						"down": { "texture": "#bone", "uv": [ 0.0, 0.0, 0.75, 2.25 ] }
					}
				},
				{
					"name": "Cube11",
					"from": [ 5.4, -8.1, 0.6 ],
					"to": [ 6.45, -6.0, 1.5 ],
					"rotationOrigin": [ 5.55, -7.95, 0.45 ],
					"rotationZ": -42.0,
					"faces": {
						"north": { "texture": "#bone", "uv": [ 2.5, 6.5, 3.25, 8.0 ] },
						"east": { "texture": "#bone", "uv": [ 4.0, 2.5, 4.75, 4.0 ] },
						"south": { "texture": "#bone", "uv": [ 4.0, 2.0, 4.75, 3.5 ] },
						"west": { "texture": "#bone", "uv": [ 10.0, 8.0, 10.75, 9.5 ] },
						"up": { "texture": "#bone", "uv": [ 0.0, 0.0, 0.75, 0.75 ] },
						"down": { "texture": "#bone", "uv": [ 0.0, 0.0, 0.75, 0.75 ] }
					}
				}
			]
		},
		{
			"name": "Cube12",
			"from": [ 7.5, 1.5, 13.5 ],
			"to": [ 9.45, 7.65, 15.45 ],
			"rotationOrigin": [ 7.5, 3.0, 13.5 ],
			"rotationX": 90.0,
			"faces": {
				"north": { "texture": "#bone", "uv": [ 4.5, 1.5, 6.0, 7.5 ] },
				"east": { "texture": "#bone", "uv": [ 4.0, 2.0, 5.5, 8.0 ] },
				"south": { "texture": "#bone", "uv": [ 4.0, 2.0, 5.5, 8.0 ] },
				"west": { "texture": "#bone", "uv": [ 9.5, 1.0, 11.0, 7.0 ] },
				"up": { "texture": "#bone", "uv": [ 0.0, 0.0, 1.5, 1.5 ] },
				"down": { "texture": "#bone", "uv": [ 0.0, 0.0, 1.5, 1.5 ] }
			}
		}
	]}