{
	"editor": {
		"collapsedPaths": "Root/root,Root/origin/ceiling bar/manacleW-top,Root/origin/ceiling bar/chainW-1,Root/origin/ceiling bar/chainE-1,Root/origin/ceiling bar/manacleE-top",
		"allAngles": true,
		"entityTextureMode": true
	},
	"textureWidth": 8,
	"textureHeight": 8,
	"textureSizes": {
		"rusty-iron": [8,8]
	},
	"textures": {
	},
	"elements": [
		{
			"name": "origin",
			"from": [ 0.0, -5.0, 0.0 ],
			"to": [ 0.0, -5.0, 0.0 ],
			"uv": [ 999.0, 999.0 ],
			"rotationOrigin": [ 0.0, 2.0, 0.0 ],
			"rotationY": -97.0,
			"rotationZ": -3.0,
			"faces": {
			},
			"children": [
				{
					"name": "chainW-1",
					"from": [ -2.9, 6.5, -3.25 ],
					"to": [ -1.9, 7.5, -2.75 ],
					"uv": [ 3.0, 5.5 ],
					"rotationOrigin": [ -2.4, 7.5, -3.0 ],
					"rotationY": 8.0,
					"rotationZ": 91.0,
					"faces": {
						"north": { "texture": "#rusty-iron", "uv": [ 3.0, 6.0, 4.0, 7.0 ] },
						"east": { "texture": "#rusty-iron", "uv": [ 4.0, 6.0, 4.5, 7.0 ] },
						"south": { "texture": "#rusty-iron", "uv": [ 4.5, 6.0, 5.5, 7.0 ] },
						"west": { "texture": "#rusty-iron", "uv": [ 5.5, 6.0, 6.0, 7.0 ] },
						"up": { "texture": "#rusty-iron", "uv": [ 3.0, 5.5, 4.0, 6.0 ] },
						"down": { "texture": "#rusty-iron", "uv": [ 4.0, 5.5, 5.0, 6.0 ] }
					},
					"children": [
						{
							"name": "chainW-2",
							"from": [ 0.25, -0.65, -0.25 ],
							"to": [ 0.75, 0.35, 0.75 ],
							"uv": [ 3.0, 0.5 ],
							"rotationOrigin": [ 0.5, -0.65, 0.25 ],
							"faces": {
								"north": { "texture": "#rusty-iron", "uv": [ 3.0, 1.5, 3.5, 2.5 ] },
								"east": { "texture": "#rusty-iron", "uv": [ 3.5, 1.5, 4.5, 2.5 ] },
								"south": { "texture": "#rusty-iron", "uv": [ 4.5, 1.5, 5.0, 2.5 ] },
								"west": { "texture": "#rusty-iron", "uv": [ 5.0, 1.5, 6.0, 2.5 ] },
								"up": { "texture": "#rusty-iron", "uv": [ 3.0, 0.5, 3.5, 1.5 ] },
								"down": { "texture": "#rusty-iron", "uv": [ 3.5, 0.5, 4.0, 1.5 ] }
							}
						},
						{
							"name": "chainW-3",
							"from": [ 0.0, -1.25, 0.0 ],
							"to": [ 1.0, -0.25, 0.5 ],
							"uv": [ 2.25, 3.0 ],
							"rotationOrigin": [ 0.5, -1.25, 0.25 ],
							"faces": {
								"north": { "texture": "#rusty-iron", "uv": [ 2.25, 3.5, 3.25, 4.5 ] },
								"east": { "texture": "#rusty-iron", "uv": [ 3.25, 3.5, 3.75, 4.5 ] },
								"south": { "texture": "#rusty-iron", "uv": [ 3.75, 3.5, 4.75, 4.5 ] },
								"west": { "texture": "#rusty-iron", "uv": [ 4.75, 3.5, 5.25, 4.5 ] },
								"up": { "texture": "#rusty-iron", "uv": [ 2.25, 3.0, 3.25, 3.5 ] },
								"down": { "texture": "#rusty-iron", "uv": [ 3.25, 3.0, 4.25, 3.5 ] }
							}
						},
						{
							"name": "chainW-4",
							"from": [ 0.25, -1.9, -0.25 ],
							"to": [ 0.75, -0.9, 0.75 ],
							"uv": [ 3.25, 0.75 ],
							"rotationOrigin": [ 0.5, -1.9, 0.25 ],
							"faces": {
								"north": { "texture": "#rusty-iron", "uv": [ 3.25, 1.75, 3.75, 2.75 ] },
								"east": { "texture": "#rusty-iron", "uv": [ 3.75, 1.75, 4.75, 2.75 ] },
								"south": { "texture": "#rusty-iron", "uv": [ 4.75, 1.75, 5.25, 2.75 ] },
								"west": { "texture": "#rusty-iron", "uv": [ 5.25, 1.75, 6.25, 2.75 ] },
								"up": { "texture": "#rusty-iron", "uv": [ 3.25, 0.75, 3.75, 1.75 ] },
								"down": { "texture": "#rusty-iron", "uv": [ 3.75, 0.75, 4.25, 1.75 ] }
							}
						},
						{
							"name": "chainW-5",
							"from": [ 0.0, -2.5, 0.0 ],
							"to": [ 1.0, -1.5, 0.5 ],
							"uv": [ 1.25, 0.0 ],
							"rotationOrigin": [ 0.5, -2.5, 0.25 ],
							"faces": {
								"north": { "texture": "#rusty-iron", "uv": [ 1.25, 0.5, 2.25, 1.5 ] },
								"east": { "texture": "#rusty-iron", "uv": [ 2.25, 0.5, 2.75, 1.5 ] },
								"south": { "texture": "#rusty-iron", "uv": [ 2.75, 0.5, 3.75, 1.5 ] },
								"west": { "texture": "#rusty-iron", "uv": [ 3.75, 0.5, 4.25, 1.5 ] },
								"up": { "texture": "#rusty-iron", "uv": [ 1.25, 0.0, 2.25, 0.5 ] },
								"down": { "texture": "#rusty-iron", "uv": [ 2.25, 0.0, 3.25, 0.5 ] }
							}
						},
						{
							"name": "chainW-6",
							"from": [ 0.25, -3.15, -0.25 ],
							"to": [ 0.75, -2.15, 0.75 ],
							"uv": [ 4.0, 3.75 ],
							"rotationOrigin": [ 0.5, -3.15, 0.25 ],
							"faces": {
								"north": { "texture": "#rusty-iron", "uv": [ 4.0, 4.75, 4.5, 5.75 ] },
								"east": { "texture": "#rusty-iron", "uv": [ 4.5, 4.75, 5.5, 5.75 ] },
								"south": { "texture": "#rusty-iron", "uv": [ 5.5, 4.75, 6.0, 5.75 ] },
								"west": { "texture": "#rusty-iron", "uv": [ 6.0, 4.75, 7.0, 5.75 ] },
								"up": { "texture": "#rusty-iron", "uv": [ 4.0, 3.75, 4.5, 4.75 ] },
								"down": { "texture": "#rusty-iron", "uv": [ 4.5, 3.75, 5.0, 4.75 ] }
							}
						},
						{
							"name": "chainW-7",
							"from": [ 0.0, -3.5, 0.0 ],
							"to": [ 1.0, -2.75, 0.5 ],
							"uv": [ 4.25, 1.0 ],
							"rotationOrigin": [ 0.5, -3.5, 0.25 ],
							"faces": {
								"north": { "texture": "#rusty-iron", "uv": [ 4.25, 1.5, 5.25, 2.25 ] },
								"east": { "texture": "#rusty-iron", "uv": [ 5.25, 1.5, 5.75, 2.25 ] },
								"south": { "texture": "#rusty-iron", "uv": [ 5.75, 1.5, 6.75, 2.25 ] },
								"west": { "texture": "#rusty-iron", "uv": [ 6.75, 1.5, 7.25, 2.25 ] },
								"up": { "texture": "#rusty-iron", "uv": [ 4.25, 1.0, 5.25, 1.5 ] }
							}
						}
					]
				},
				{
					"name": "Cube3",
					"from": [ 1.05, 6.25, -3.7 ],
					"to": [ 3.55, 9.15, -1.7 ],
					"autoUnwrap": false,
					"uv": [ 0.0, 0.0 ],
					"rotationOrigin": [ 1.7462, 5.7684, -3.5154 ],
					"rotationY": 1.0,
					"rotationZ": -17.0,
					"faces": {
						"north": { "texture": "#rusty-iron", "uv": [ 0.75, 2.25, 3.25, 5.0 ] },
						"east": { "texture": "#rusty-iron", "uv": [ 2.5, 2.0, 4.5, 4.75 ] },
						"south": { "texture": "#rusty-iron", "uv": [ 4.25, 2.0, 6.75, 4.75 ] },
						"west": { "texture": "#rusty-iron", "uv": [ 5.0, 2.0, 7.0, 4.75 ] },
						"up": { "texture": "#rusty-iron", "uv": [ 0.25, 0.75, 2.75, 2.75 ] },
						"down": { "texture": "#rusty-iron", "uv": [ 2.5, 0.0, 5.0, 2.0 ] }
					}
				},
				{
					"name": "Cube4",
					"from": [ -3.25, 5.55, -3.7 ],
					"to": [ -0.75, 8.45, -1.7 ],
					"autoUnwrap": false,
					"uv": [ 0.0, 0.0 ],
					"rotationOrigin": [ -2.5538, 5.0684, -3.5154 ],
					"rotationY": 17.0,
					"rotationZ": 28.0,
					"faces": {
						"north": { "texture": "#rusty-iron", "uv": [ 0.75, 2.25, 3.25, 5.0 ] },
						"east": { "texture": "#rusty-iron", "uv": [ 2.5, 2.0, 4.5, 4.75 ] },
						"south": { "texture": "#rusty-iron", "uv": [ 4.25, 2.0, 6.75, 4.75 ] },
						"west": { "texture": "#rusty-iron", "uv": [ 5.0, 2.0, 7.0, 4.75 ] },
						"up": { "texture": "#rusty-iron", "uv": [ 0.25, 0.75, 2.75, 2.75 ] },
						"down": { "texture": "#rusty-iron", "uv": [ 2.5, 0.0, 5.0, 2.0 ] }
					}
				}
			]
		}
	],
	"animations": [
		{
			"name": "Walk",
			"code": "walk",
			"quantityframes": 25,
			"onActivityStopped": "EaseOut",
			"onAnimationEnd": "Repeat",
			"keyframes": [

			]
		},

		{
			"name": "Walk-fp",
			"code": "walk-fp",
			"quantityframes": 25,
			"onActivityStopped": "EaseOut",
			"onAnimationEnd": "Repeat",
			"keyframes": [

			]
		},

		{
			"name": "Sprint",
			"code": "sprint",
			"quantityframes": 24,
			"onActivityStopped": "EaseOut",
			"onAnimationEnd": "Repeat",
			"keyframes": [

			]
		},

		{
			"name": "Sprint-fp",
			"code": "sprint-fp",
			"quantityframes": 24,
			"onActivityStopped": "EaseOut",
			"onAnimationEnd": "Repeat",
			"keyframes": [

			]
		},

		{
			"name": "Jump",
			"code": "jump",
			"quantityframes": 20,
			"onActivityStopped": "PlayTillEnd",
			"onAnimationEnd": "Hold",
			"keyframes": [

			]
		},

		{
			"name": "Glide",
			"code": "glide",
			"quantityframes": 40,
			"onActivityStopped": "EaseOut",
			"onAnimationEnd": "Repeat",
			"keyframes": [

			]
		},

		{
			"name": "Glide-fp",
			"code": "glide-fp",
			"quantityframes": 40,
			"onActivityStopped": "EaseOut",
			"onAnimationEnd": "Repeat",
			"keyframes": [

			]
		},

		{
			"name": "Creativefly",
			"code": "creativefly",
			"quantityframes": 40,
			"onActivityStopped": "EaseOut",
			"onAnimationEnd": "Repeat",
			"keyframes": [

			]
		},

		{
			"name": "Creativefly-fp",
			"code": "creativefly-fp",
			"quantityframes": 40,
			"onActivityStopped": "PlayTillEnd",
			"onAnimationEnd": "Repeat",
			"keyframes": [

			]
		},

		{
			"name": "Land",
			"code": "land",
			"quantityframes": 15,
			"onActivityStopped": "Rewind",
			"onAnimationEnd": "Hold",
			"keyframes": [

			]
		},

		{
			"name": "land-fp",
			"code": "land-fp",
			"quantityframes": 3,
			"onActivityStopped": "EaseOut",
			"onAnimationEnd": "EaseOut",
			"keyframes": [

			]
		},

		{
			"name": "HeavyImpact",
			"code": "heavyimpact",
			"quantityframes": 42,
			"onActivityStopped": "Rewind",
			"onAnimationEnd": "Hold",
			"keyframes": [

			]
		},

		{
			"name": "SneakWalk",
			"code": "sneakwalk",
			"quantityframes": 40,
			"onActivityStopped": "Rewind",
			"onAnimationEnd": "Repeat",
			"keyframes": [

			]
		},

		{
			"name": "SneakWalk-fp",
			"code": "sneakwalk-fp",
			"quantityframes": 40,
			"onActivityStopped": "Rewind",
			"onAnimationEnd": "Repeat",
			"keyframes": [

			]
		},

		{
			"name": "SneakIdle",
			"code": "sneakidle",
			"quantityframes": 35,
			"onActivityStopped": "Rewind",
			"onAnimationEnd": "Repeat",
			"keyframes": [

			]
		},

		{
			"name": "SneakIdle-fp",
			"code": "sneakidle-fp",
			"quantityframes": 35,
			"onActivityStopped": "Rewind",
			"onAnimationEnd": "Repeat",
			"keyframes": [

			]
		},

		{
			"name": "Block",
			"code": "block",
			"quantityframes": 35,
			"onActivityStopped": "Rewind",
			"onAnimationEnd": "Repeat",
			"keyframes": [

			]
		},

		{
			"name": "Swim",
			"code": "swim",
			"quantityframes": 55,
			"onActivityStopped": "EaseOut",
			"onAnimationEnd": "Repeat",
			"keyframes": [

			]
		},

		{
			"name": "Swim-fp",
			"code": "swim-fp",
			"quantityframes": 55,
			"onActivityStopped": "EaseOut",
			"onAnimationEnd": "Repeat",
			"keyframes": [

			]
		},

		{
			"name": "SwimIdle",
			"code": "swimidle",
			"quantityframes": 55,
			"onActivityStopped": "EaseOut",
			"onAnimationEnd": "Repeat",
			"keyframes": [

			]
		},

		{
			"name": "Idle1",
			"code": "idle1",
			"quantityframes": 50,
			"onActivityStopped": "EaseOut",
			"onAnimationEnd": "Repeat",
			"keyframes": [

			]
		},

		{
			"name": "Idle1-fp",
			"code": "idle1-fp",
			"quantityframes": 50,
			"onActivityStopped": "EaseOut",
			"onAnimationEnd": "Repeat",
			"keyframes": [

			]
		},

		{
			"name": "helditemready",
			"code": "helditemready",
			"quantityframes": 70,
			"onActivityStopped": "EaseOut",
			"onAnimationEnd": "EaseOut",
			"keyframes": [

			]
		},

		{
			"name": "helditemready-fp",
			"code": "helditemready-fp",
			"quantityframes": 70,
			"onActivityStopped": "EaseOut",
			"onAnimationEnd": "EaseOut",
			"keyframes": [

			]
		},

		{
			"name": "helditemreadyslant",
			"code": "helditemreadyslant",
			"quantityframes": 70,
			"onActivityStopped": "EaseOut",
			"onAnimationEnd": "EaseOut",
			"keyframes": [

			]
		},

		{
			"name": "helditemreadyslant-fp",
			"code": "helditemreadyslant-fp",
			"quantityframes": 70,
			"onActivityStopped": "EaseOut",
			"onAnimationEnd": "EaseOut",
			"keyframes": [

			]
		},

		{
			"name": "helditemreadybucket",
			"code": "helditemreadybucket",
			"quantityframes": 70,
			"onActivityStopped": "EaseOut",
			"onAnimationEnd": "EaseOut",
			"keyframes": [

			]
		},

		{
			"name": "helditemreadybucket-fp",
			"code": "helditemreadybucket-fp",
			"quantityframes": 70,
			"onActivityStopped": "EaseOut",
			"onAnimationEnd": "EaseOut",
			"keyframes": [

			]
		},

		{
			"name": "Idle2",
			"code": "idle2",
			"quantityframes": 30,
			"onActivityStopped": "Rewind",
			"onAnimationEnd": "Repeat",
			"keyframes": [

			]
		},

		{
			"name": "Idle3",
			"code": "idle3",
			"quantityframes": 30,
			"onActivityStopped": "Rewind",
			"onAnimationEnd": "Repeat",
			"keyframes": [

			]
		},

		{
			"name": "Eat",
			"code": "eat",
			"quantityframes": 30,
			"onActivityStopped": "EaseOut",
			"onAnimationEnd": "EaseOut",
			"keyframes": [

			]
		},

		{
			"name": "Eat-fp",
			"code": "eat-fp",
			"quantityframes": 30,
			"onActivityStopped": "EaseOut",
			"onAnimationEnd": "EaseOut",
			"keyframes": [

			]
		},

		{
			"name": "Bowl Eat",
			"code": "bowleat",
			"quantityframes": 30,
			"onActivityStopped": "PlayTillEnd",
			"onAnimationEnd": "EaseOut",
			"keyframes": [

			]
		},

		{
			"name": "Hit",
			"code": "hit",
			"quantityframes": 15,
			"onActivityStopped": "PlayTillEnd",
			"onAnimationEnd": "EaseOut",
			"keyframes": [

			]
		},

		{
			"name": "SwordHit",
			"code": "swordhit",
			"quantityframes": 25,
			"onActivityStopped": "EaseOut",
			"onAnimationEnd": "Repeat",
			"keyframes": [

			]
		},

		{
			"name": "CleaverHit",
			"code": "cleaverhit",
			"quantityframes": 25,
			"onActivityStopped": "PlayTillEnd",
			"onAnimationEnd": "EaseOut",
			"keyframes": [

			]
		},

		{
			"name": "CleaverHit-fp",
			"code": "cleaverhit-fp",
			"quantityframes": 25,
			"onActivityStopped": "PlayTillEnd",
			"onAnimationEnd": "EaseOut",
			"keyframes": [

			]
		},

		{
			"name": "BowHit",
			"code": "bowhit",
			"quantityframes": 14,
			"onActivityStopped": "EaseOut",
			"onAnimationEnd": "EaseOut",
			"keyframes": [

			]
		},

		{
			"name": "BowAim",
			"code": "bowaim",
			"quantityframes": 16,
			"onActivityStopped": "EaseOut",
			"onAnimationEnd": "Hold",
			"keyframes": [

			]
		},

		{
			"name": "BowAimCrude",
			"code": "bowaimcrude",
			"quantityframes": 16,
			"onActivityStopped": "EaseOut",
			"onAnimationEnd": "Hold",
			"keyframes": [

			]
		},

		{
			"name": "BowAimLong",
			"code": "bowaimLong",
			"quantityframes": 16,
			"onActivityStopped": "EaseOut",
			"onAnimationEnd": "Hold",
			"keyframes": [

			]
		},

		{
			"name": "BowAimRecurve",
			"code": "bowaimRecurve",
			"quantityframes": 16,
			"onActivityStopped": "EaseOut",
			"onAnimationEnd": "Hold",
			"keyframes": [

			]
		},

		{
			"name": "Throw",
			"code": "throw",
			"quantityframes": 15,
			"onActivityStopped": "PlayTillEnd",
			"onAnimationEnd": "EaseOut",
			"keyframes": [

			]
		},

		{
			"name": "ThrowAim",
			"code": "throwaim",
			"quantityframes": 10,
			"onActivityStopped": "EaseOut",
			"onAnimationEnd": "Hold",
			"keyframes": [

			]
		},

		{
			"name": "SitDown",
			"code": "sitdown",
			"quantityframes": 26,
			"onActivityStopped": "PlayTillEnd",
			"onAnimationEnd": "EaseOut",
			"keyframes": [

			]
		},

		{
			"name": "SitIdle",
			"code": "sitidle",
			"quantityframes": 60,
			"onActivityStopped": "Rewind",
			"onAnimationEnd": "Repeat",
			"keyframes": [

			]
		},

		{
			"name": "SitIdle2",
			"code": "sitidle2",
			"quantityframes": 60,
			"onActivityStopped": "Rewind",
			"onAnimationEnd": "Repeat",
			"keyframes": [

			]
		},

		{
			"name": "LieDown",
			"code": "liedown",
			"quantityframes": 30,
			"onActivityStopped": "EaseOut",
			"onAnimationEnd": "EaseOut",
			"keyframes": [

			]
		},

		{
			"name": "Lie",
			"code": "lie",
			"quantityframes": 50,
			"onActivityStopped": "EaseOut",
			"onAnimationEnd": "Repeat",
			"keyframes": [

			]
		},

		{
			"name": "Die",
			"code": "die",
			"quantityframes": 120,
			"onActivityStopped": "Stop",
			"onAnimationEnd": "Hold",
			"keyframes": [

			]
		},

		{
			"name": "Smithing",
			"code": "smithing",
			"quantityframes": 30,
			"onActivityStopped": "EaseOut",
			"onAnimationEnd": "Repeat",
			"keyframes": [

			]
		},

		{
			"name": "Smithing-fp",
			"code": "smithing-fp",
			"quantityframes": 30,
			"onActivityStopped": "EaseOut",
			"onAnimationEnd": "Repeat",
			"keyframes": [

			]
		},

		{
			"name": "Smithingwide",
			"code": "smithingwide",
			"quantityframes": 30,
			"onActivityStopped": "PlayTillEnd",
			"onAnimationEnd": "EaseOut",
			"keyframes": [

			]
		},

		{
			"name": "Smithingwide-fp",
			"code": "smithingwide-fp",
			"quantityframes": 30,
			"onActivityStopped": "PlayTillEnd",
			"onAnimationEnd": "EaseOut",
			"keyframes": [

			]
		},

		{
			"name": "hammerhit",
			"code": "hammerhit",
			"quantityframes": 30,
			"onActivityStopped": "PlayTillEnd",
			"onAnimationEnd": "EaseOut",
			"keyframes": [

			]
		},

		{
			"name": "hammerhit-fp",
			"code": "hammerhit-fp",
			"quantityframes": 30,
			"onActivityStopped": "PlayTillEnd",
			"onAnimationEnd": "EaseOut",
			"keyframes": [

			]
		},

		{
			"name": "BreakHand",
			"code": "breakhand",
			"quantityframes": 30,
			"onActivityStopped": "EaseOut",
			"onAnimationEnd": "Repeat",
			"keyframes": [

			]
		},

		{
			"name": "BreakHand-fp",
			"code": "breakhand-fp",
			"quantityframes": 30,
			"onActivityStopped": "EaseOut",
			"onAnimationEnd": "Repeat",
			"keyframes": [

			]
		},

		{
			"name": "BreakTool",
			"code": "breaktool",
			"quantityframes": 28,
			"onActivityStopped": "PlayTillEnd",
			"onAnimationEnd": "EaseOut",
			"keyframes": [

			]
		},

		{
			"name": "BreakTool-fp",
			"code": "breaktool-fp",
			"quantityframes": 28,
			"onActivityStopped": "PlayTillEnd",
			"onAnimationEnd": "EaseOut",
			"keyframes": [

			]
		},

		{
			"name": "PlaceBlock",
			"code": "placeblock",
			"quantityframes": 20,
			"onActivityStopped": "EaseOut",
			"onAnimationEnd": "Repeat",
			"keyframes": [

			]
		},

		{
			"name": "InteractStatic",
			"code": "interactstatic",
			"quantityframes": 30,
			"onActivityStopped": "EaseOut",
			"onAnimationEnd": "Repeat",
			"keyframes": [

			]
		},

		{
			"name": "InteractStatic-fp",
			"code": "interactstatic-fp",
			"quantityframes": 30,
			"onActivityStopped": "EaseOut",
			"onAnimationEnd": "Repeat",
			"keyframes": [

			]
		},

		{
			"name": "InteractStaticLong",
			"code": "interactstaticLong",
			"quantityframes": 30,
			"onActivityStopped": "EaseOut",
			"onAnimationEnd": "Repeat",
			"keyframes": [

			]
		},

		{
			"name": "InteractStaticLong-fp",
			"code": "interactstaticLong-fp",
			"quantityframes": 30,
			"onActivityStopped": "EaseOut",
			"onAnimationEnd": "Repeat",
			"keyframes": [

			]
		},

		{
			"name": "LadderUp",
			"code": "ladderup",
			"quantityframes": 30,
			"onActivityStopped": "Rewind",
			"onAnimationEnd": "Repeat",
			"keyframes": [

			]
		},

		{
			"name": "LadderIdle",
			"code": "ladderidle",
			"quantityframes": 20,
			"onActivityStopped": "Rewind",
			"onAnimationEnd": "Repeat",
			"keyframes": [

			]
		},

		{
			"name": "LadderDown",
			"code": "ladderdown",
			"quantityframes": 30,
			"onActivityStopped": "Rewind",
			"onAnimationEnd": "Repeat",
			"keyframes": [

			]
		},

		{
			"name": "SitFloorIdle",
			"code": "sitflooridle",
			"quantityframes": 60,
			"onActivityStopped": "EaseOut",
			"onAnimationEnd": "Repeat",
			"keyframes": [

			]
		},

		{
			"name": "SitDownFloor",
			"code": "sitdownfloor",
			"quantityframes": 20,
			"onActivityStopped": "PlayTillEnd",
			"onAnimationEnd": "Hold",
			"keyframes": [

			]
		},

		{
			"name": "WalkRight",
			"code": "walkright",
			"quantityframes": 52,
			"onActivityStopped": "Rewind",
			"onAnimationEnd": "Repeat",
			"keyframes": [

			]
		},

		{
			"name": "WalkLeft",
			"code": "walkleft",
			"quantityframes": 52,
			"onActivityStopped": "Rewind",
			"onAnimationEnd": "Repeat",
			"keyframes": [

			]
		},

		{
			"name": "WalkBack",
			"code": "walkback",
			"quantityframes": 25,
			"onActivityStopped": "Rewind",
			"onAnimationEnd": "Repeat",
			"keyframes": [

			]
		},

		{
			"name": "Hurt",
			"code": "hurt",
			"quantityframes": 30,
			"onActivityStopped": "PlayTillEnd",
			"onAnimationEnd": "EaseOut",
			"keyframes": [

			]
		},

		{
			"name": "LowHealth",
			"code": "lowhealth",
			"quantityframes": 50,
			"onActivityStopped": "Rewind",
			"onAnimationEnd": "Repeat",
			"keyframes": [

			]
		},

		{
			"name": "AxeChop",
			"code": "axechop",
			"quantityframes": 34,
			"onActivityStopped": "EaseOut",
			"onAnimationEnd": "Repeat",
			"keyframes": [

			]
		},

		{
			"name": "AxeChop-fp",
			"code": "axechop-fp",
			"quantityframes": 34,
			"onActivityStopped": "EaseOut",
			"onAnimationEnd": "Repeat",
			"keyframes": [

			]
		},

		{
			"name": "AxeHit",
			"code": "axehit",
			"quantityframes": 34,
			"onActivityStopped": "PlayTillEnd",
			"onAnimationEnd": "EaseOut",
			"keyframes": [

			]
		},

		{
			"name": "AxeHit-fp",
			"code": "axehit-fp",
			"quantityframes": 34,
			"onActivityStopped": "PlayTillEnd",
			"onAnimationEnd": "EaseOut",
			"keyframes": [

			]
		},

		{
			"name": "KnockbackHit",
			"code": "knockbackhit",
			"quantityframes": 12,
			"onActivityStopped": "Rewind",
			"onAnimationEnd": "Repeat",
			"keyframes": [

			]
		},

		{
			"name": "KnockbackMidair",
			"code": "knockbackmidair",
			"quantityframes": 20,
			"onActivityStopped": "Rewind",
			"onAnimationEnd": "Repeat",
			"keyframes": [

			]
		},

		{
			"name": "KnockbackLand",
			"code": "knockbackland",
			"quantityframes": 90,
			"onActivityStopped": "Rewind",
			"onAnimationEnd": "Repeat",
			"keyframes": [

			]
		},

		{
			"name": "SwordHit2",
			"code": "swordhit2",
			"quantityframes": 20,
			"onActivityStopped": "Rewind",
			"onAnimationEnd": "Repeat",
			"keyframes": [

			]
		},

		{
			"name": "HurtPose",
			"code": "hurtpose",
			"quantityframes": 30,
			"onActivityStopped": "Rewind",
			"onAnimationEnd": "Repeat",
			"keyframes": [

			]
		},

		{
			"name": "Holding large animal",
			"code": "holdunderarm",
			"quantityframes": 30,
			"onActivityStopped": "EaseOut",
			"onAnimationEnd": "Repeat",
			"keyframes": [

			]
		},

		{
			"name": "Holding large animal-fp",
			"code": "holdunderarm-fp",
			"quantityframes": 30,
			"onActivityStopped": "EaseOut",
			"onAnimationEnd": "Repeat",
			"keyframes": [

			]
		},

		{
			"name": "Holding with both hands",
			"code": "holdbothhands",
			"quantityframes": 30,
			"onActivityStopped": "EaseOut",
			"onAnimationEnd": "Repeat",
			"keyframes": [

			]
		},

		{
			"name": "Holding with both hands-fp",
			"code": "holdbothhands-fp",
			"quantityframes": 30,
			"onActivityStopped": "EaseOut",
			"onAnimationEnd": "Repeat",
			"keyframes": [

			]
		},

		{
			"name": "Holding with both hands (large object)",
			"code": "holdbothhandslarge",
			"quantityframes": 30,
			"onActivityStopped": "EaseOut",
			"onAnimationEnd": "Repeat",
			"keyframes": [

			]
		},

		{
			"name": "Holding with both hands (large object)-fp",
			"code": "holdbothhandslarge-fp",
			"quantityframes": 30,
			"onActivityStopped": "EaseOut",
			"onAnimationEnd": "Repeat",
			"keyframes": [

			]
		},

		{
			"name": "ShovelDig",
			"code": "shoveldig",
			"quantityframes": 30,
			"onActivityStopped": "EaseOut",
			"onAnimationEnd": "Repeat",
			"keyframes": [

			]
		},

		{
			"name": "ShovelDig-fp",
			"code": "shoveldig-fp",
			"quantityframes": 30,
			"onActivityStopped": "EaseOut",
			"onAnimationEnd": "Repeat",
			"keyframes": [

			]
		},

		{
			"name": "SpearHit",
			"code": "spearhit",
			"quantityframes": 37,
			"onActivityStopped": "PlayTillEnd",
			"onAnimationEnd": "EaseOut",
			"keyframes": [

			]
		},

		{
			"name": "SpearHit-fp",
			"code": "spearhit-fp",
			"quantityframes": 37,
			"onActivityStopped": "PlayTillEnd",
			"onAnimationEnd": "EaseOut",
			"keyframes": [

			]
		},

		{
			"name": "Scythe",
			"code": "scythe",
			"quantityframes": 26,
			"onActivityStopped": "EaseOut",
			"onAnimationEnd": "Repeat",
			"keyframes": [

			]
		},

		{
			"name": "Scythe-fp",
			"code": "scythe-fp",
			"quantityframes": 26,
			"onActivityStopped": "EaseOut",
			"onAnimationEnd": "Repeat",
			"keyframes": [

			]
		},

		{
			"name": "Scythe-IFP",
			"code": "scythe-ifp",
			"quantityframes": 30,
			"onActivityStopped": "EaseOut",
			"onAnimationEnd": "Repeat",
			"keyframes": [

			]
		},

		{
			"name": "scytheIdle",
			"code": "scytheIdle",
			"quantityframes": 30,
			"onActivityStopped": "EaseOut",
			"onAnimationEnd": "Repeat",
			"keyframes": [

			]
		},

		{
			"name": "scytheIdle-fp",
			"code": "scytheIdle-fp",
			"quantityframes": 30,
			"onActivityStopped": "EaseOut",
			"onAnimationEnd": "Repeat",
			"keyframes": [

			]
		},

		{
			"name": "scytheReady",
			"code": "scytheReady",
			"quantityframes": 30,
			"onActivityStopped": "EaseOut",
			"onAnimationEnd": "EaseOut",
			"keyframes": [

			]
		},

		{
			"name": "scytheReady-fp",
			"code": "scytheReady-fp",
			"quantityframes": 30,
			"onActivityStopped": "EaseOut",
			"onAnimationEnd": "EaseOut",
			"keyframes": [

			]
		},

		{
			"name": "Shears",
			"code": "shears",
			"quantityframes": 30,
			"onActivityStopped": "EaseOut",
			"onAnimationEnd": "Repeat",
			"keyframes": [

			]
		},

		{
			"name": "Shears-fp",
			"code": "shears-fp",
			"quantityframes": 30,
			"onActivityStopped": "EaseOut",
			"onAnimationEnd": "Repeat",
			"keyframes": [

			]
		},

		{
			"name": "Knap",
			"code": "knap",
			"quantityframes": 15,
			"onActivityStopped": "EaseOut",
			"onAnimationEnd": "Repeat",
			"keyframes": [

			]
		},

		{
			"name": "Knap-IFP",
			"code": "knap-ifp",
			"quantityframes": 15,
			"onActivityStopped": "EaseOut",
			"onAnimationEnd": "Repeat",
			"keyframes": [

			]
		},

		{
			"name": "Knap-FP",
			"code": "knap-fp",
			"quantityframes": 15,
			"onActivityStopped": "EaseOut",
			"onAnimationEnd": "Repeat",
			"keyframes": [

			]
		},

		{
			"name": "Knap Sitting",
			"code": "knapsitting",
			"quantityframes": 15,
			"onActivityStopped": "EaseOut",
			"onAnimationEnd": "Repeat",
			"keyframes": [

			]
		},

		{
			"name": "NewJump",
			"code": "newjump",
			"quantityframes": 20,
			"onActivityStopped": "EaseOut",
			"onAnimationEnd": "Repeat",
			"keyframes": [

			]
		},

		{
			"name": "Talk",
			"code": "talk",
			"quantityframes": 45,
			"onActivityStopped": "EaseOut",
			"onAnimationEnd": "EaseOut",
			"keyframes": [

			]
		},

		{
			"name": "Holding lantern left hand",
			"code": "holdinglanternlefthand",
			"quantityframes": 30,
			"onActivityStopped": "EaseOut",
			"onAnimationEnd": "Repeat",
			"keyframes": [

			]
		},

		{
			"name": "Holding lantern left hand-fp",
			"code": "holdinglanternlefthand-fp",
			"quantityframes": 30,
			"onActivityStopped": "EaseOut",
			"onAnimationEnd": "Repeat",
			"keyframes": [

			]
		},

		{
			"name": "Holding lantern right hand",
			"code": "holdinglanternrighthand",
			"quantityframes": 30,
			"onActivityStopped": "EaseOut",
			"onAnimationEnd": "Repeat",
			"keyframes": [

			]
		},

		{
			"name": "Holding lantern right hand-fp",
			"code": "holdinglanternrighthand-fp",
			"quantityframes": 30,
			"onActivityStopped": "EaseOut",
			"onAnimationEnd": "Repeat",
			"keyframes": [

			]
		},

		{
			"name": "Panning",
			"code": "panning",
			"quantityframes": 27,
			"onActivityStopped": "EaseOut",
			"onAnimationEnd": "Repeat",
			"keyframes": [

			]
		},

		{
			"name": "Panning-fp",
			"code": "panning-fp",
			"quantityframes": 27,
			"onActivityStopped": "EaseOut",
			"onAnimationEnd": "Repeat",
			"keyframes": [

			]
		},

		{
			"name": "TwoHandPlaceBlock",
			"code": "twohandplaceblock",
			"quantityframes": 30,
			"onActivityStopped": "EaseOut",
			"onAnimationEnd": "Repeat",
			"keyframes": [

			]
		},

		{
			"name": "TwoHandPlaceBlock-fp",
			"code": "twohandplaceblock-fp",
			"quantityframes": 30,
			"onActivityStopped": "EaseOut",
			"onAnimationEnd": "Repeat",
			"keyframes": [

			]
		},

		{
			"name": "Drop",
			"code": "drop",
			"quantityframes": 30,
			"onActivityStopped": "PlayTillEnd",
			"onAnimationEnd": "EaseOut",
			"keyframes": [

			]
		},

		{
			"name": "Cheer",
			"code": "cheer",
			"quantityframes": 45,
			"onActivityStopped": "PlayTillEnd",
			"onAnimationEnd": "EaseOut",
			"keyframes": [

			]
		},

		{
			"name": "Cheer-fp",
			"code": "cheer-fp",
			"quantityframes": 45,
			"onActivityStopped": "PlayTillEnd",
			"onAnimationEnd": "EaseOut",
			"keyframes": [

			]
		},

		{
			"name": "Wave",
			"code": "wave",
			"quantityframes": 80,
			"onActivityStopped": "PlayTillEnd",
			"onAnimationEnd": "EaseOut",
			"keyframes": [

			]
		},

		{
			"name": "Wave-fp",
			"code": "wave-fp",
			"quantityframes": 80,
			"onActivityStopped": "PlayTillEnd",
			"onAnimationEnd": "EaseOut",
			"keyframes": [

			]
		},

		{
			"name": "Shrug",
			"code": "shrug",
			"quantityframes": 50,
			"onActivityStopped": "PlayTillEnd",
			"onAnimationEnd": "EaseOut",
			"keyframes": [

			]
		},

		{
			"name": "Shrug-fp",
			"code": "shrug-fp",
			"quantityframes": 50,
			"onActivityStopped": "PlayTillEnd",
			"onAnimationEnd": "EaseOut",
			"keyframes": [

			]
		},

		{
			"name": "Cry",
			"code": "cry",
			"quantityframes": 75,
			"onActivityStopped": "PlayTillEnd",
			"onAnimationEnd": "EaseOut",
			"keyframes": [

			]
		},

		{
			"name": "Cry-fp",
			"code": "cry-fp",
			"quantityframes": 75,
			"onActivityStopped": "PlayTillEnd",
			"onAnimationEnd": "EaseOut",
			"keyframes": [

			]
		},

		{
			"name": "Nod",
			"code": "nod",
			"quantityframes": 60,
			"onActivityStopped": "PlayTillEnd",
			"onAnimationEnd": "EaseOut",
			"keyframes": [

			]
		},

		{
			"name": "Nod-fp",
			"code": "nod-fp",
			"quantityframes": 60,
			"onActivityStopped": "PlayTillEnd",
			"onAnimationEnd": "EaseOut",
			"keyframes": [

			]
		},

		{
			"name": "Water",
			"code": "water",
			"quantityframes": 50,
			"onActivityStopped": "EaseOut",
			"onAnimationEnd": "Repeat",
			"keyframes": [

			]
		},

		{
			"name": "Water-fp",
			"code": "water-fp",
			"quantityframes": 50,
			"onActivityStopped": "EaseOut",
			"onAnimationEnd": "Repeat",
			"keyframes": [

			]
		},

		{
			"name": "Hoe",
			"code": "hoe",
			"quantityframes": 40,
			"onActivityStopped": "EaseOut",
			"onAnimationEnd": "Repeat",
			"keyframes": [

			]
		},

		{
			"name": "Hoe-fp",
			"code": "hoe-fp",
			"quantityframes": 40,
			"onActivityStopped": "EaseOut",
			"onAnimationEnd": "Repeat",
			"keyframes": [

			]
		},

		{
			"name": "Hoe-IFP",
			"code": "hoe-ifp",
			"quantityframes": 40,
			"onActivityStopped": "EaseOut",
			"onAnimationEnd": "Repeat",
			"keyframes": [

			]
		},

		{
			"name": "Facepalm",
			"code": "facepalm",
			"quantityframes": 60,
			"onActivityStopped": "PlayTillEnd",
			"onAnimationEnd": "EaseOut",
			"keyframes": [

			]
		},

		{
			"name": "Facepalm-fp",
			"code": "facepalm-fp",
			"quantityframes": 60,
			"onActivityStopped": "PlayTillEnd",
			"onAnimationEnd": "EaseOut",
			"keyframes": [

			]
		},

		{
			"name": "Bow",
			"code": "bow",
			"quantityframes": 60,
			"onActivityStopped": "PlayTillEnd",
			"onAnimationEnd": "EaseOut",
			"keyframes": [

			]
		},

		{
			"name": "Bow-fp",
			"code": "bow-fp",
			"quantityframes": 60,
			"onActivityStopped": "PlayTillEnd",
			"onAnimationEnd": "EaseOut",
			"keyframes": [

			]
		},

		{
			"name": "Laugh",
			"code": "laugh",
			"quantityframes": 60,
			"onActivityStopped": "PlayTillEnd",
			"onAnimationEnd": "EaseOut",
			"keyframes": [

			]
		},

		{
			"name": "Laugh-fp",
			"code": "laugh-fp",
			"quantityframes": 60,
			"onActivityStopped": "PlayTillEnd",
			"onAnimationEnd": "EaseOut",
			"keyframes": [

			]
		},

		{
			"name": "Rage",
			"code": "rage",
			"quantityframes": 40,
			"onActivityStopped": "PlayTillEnd",
			"onAnimationEnd": "EaseOut",
			"keyframes": [

			]
		},

		{
			"name": "Rage-fp",
			"code": "rage-fp",
			"quantityframes": 40,
			"onActivityStopped": "PlayTillEnd",
			"onAnimationEnd": "EaseOut",
			"keyframes": [

			]
		},

		{
			"name": "Respawn",
			"code": "respawn",
			"quantityframes": 120,
			"onActivityStopped": "Stop",
			"onAnimationEnd": "Hold",
			"keyframes": [

			]
		},

		{
			"name": "Falx",
			"code": "falx",
			"quantityframes": 30,
			"onActivityStopped": "PlayTillEnd",
			"onAnimationEnd": "EaseOut",
			"keyframes": [

			]
		},

		{
			"name": "Falx-fp",
			"code": "falx-fp",
			"quantityframes": 30,
			"onActivityStopped": "PlayTillEnd",
			"onAnimationEnd": "EaseOut",
			"keyframes": [

			]
		},

		{
			"name": "SlingAimBalearic",
			"code": "slingaimbalearic",
			"quantityframes": 21,
			"onActivityStopped": "EaseOut",
			"onAnimationEnd": "Repeat",
			"keyframes": [

			]
		},

		{
			"name": "SlingAimBalearic-fp",
			"code": "slingaimbalearic-fp",
			"quantityframes": 21,
			"onActivityStopped": "EaseOut",
			"onAnimationEnd": "Repeat",
			"keyframes": [

			]
		},

		{
			"name": "SlingThrowBalearic",
			"code": "slingthrowbalearic",
			"quantityframes": 8,
			"onActivityStopped": "EaseOut",
			"onAnimationEnd": "Hold",
			"keyframes": [

			]
		},

		{
			"name": "SlingAimGreek",
			"code": "slingaimgreek",
			"quantityframes": 18,
			"onActivityStopped": "Stop",
			"onAnimationEnd": "Hold",
			"keyframes": [

			]
		},

		{
			"name": "SlingThrowGreek",
			"code": "slingthrowgreek",
			"quantityframes": 15,
			"onActivityStopped": "EaseOut",
			"onAnimationEnd": "Hold",
			"keyframes": [

			]
		},

		{
			"name": "WoundedIdle",
			"code": "woundedidle",
			"quantityframes": 20,
			"onActivityStopped": "EaseOut",
			"onAnimationEnd": "Repeat",
			"keyframes": [

			]
		},

		{
			"name": "Drink",
			"code": "drink",
			"quantityframes": 40,
			"onActivityStopped": "EaseOut",
			"onAnimationEnd": "EaseOut",
			"keyframes": [

			]
		},

		{
			"name": "HammerAndChisel",
			"code": "hammerandchisel",
			"quantityframes": 20,
			"onActivityStopped": "EaseOut",
			"onAnimationEnd": "Repeat",
			"keyframes": [

			]
		},

		{
			"name": "HammerAndChisel-IFP",
			"code": "hammerandchisel-ifp",
			"quantityframes": 20,
			"onActivityStopped": "EaseOut",
			"onAnimationEnd": "Repeat",
			"keyframes": [

			]
		},

		{
			"name": "Coldidle",
			"code": "coldidle",
			"quantityframes": 40,
			"onActivityStopped": "EaseOut",
			"onAnimationEnd": "Repeat",
			"keyframes": [

			]
		},

		{
			"name": "Coldidle-fp",
			"code": "coldidle-fp",
			"quantityframes": 40,
			"onActivityStopped": "EaseOut",
			"onAnimationEnd": "Repeat",
			"keyframes": [

			]
		},

		{
			"name": "Pour",
			"code": "pour",
			"quantityframes": 30,
			"onActivityStopped": "EaseOut",
			"onAnimationEnd": "Repeat",
			"keyframes": [

			]
		},

		{
			"name": "Pour-fp",
			"code": "pour-fp",
			"quantityframes": 30,
			"onActivityStopped": "EaseOut",
			"onAnimationEnd": "Repeat",
			"keyframes": [

			]
		},

		{
			"name": "PetLarge",
			"code": "petlarge",
			"quantityframes": 40,
			"onActivityStopped": "EaseOut",
			"onAnimationEnd": "Repeat",
			"keyframes": [

			]
		},

		{
			"name": "PetSmall",
			"code": "petsmall",
			"quantityframes": 30,
			"onActivityStopped": "EaseOut",
			"onAnimationEnd": "Repeat",
			"keyframes": [

			]
		},

		{
			"name": "PetSeraph",
			"code": "petseraph",
			"quantityframes": 30,
			"onActivityStopped": "EaseOut",
			"onAnimationEnd": "Repeat",
			"keyframes": [

			]
		},

		{
			"name": "ProtectEyes",
			"code": "protecteyes",
			"quantityframes": 30,
			"onActivityStopped": "Rewind",
			"onAnimationEnd": "Repeat",
			"keyframes": [

			]
		},

		{
			"name": "ProtectEyes-fp",
			"code": "protecteyes-fp",
			"quantityframes": 30,
			"onActivityStopped": "Rewind",
			"onAnimationEnd": "Repeat",
			"keyframes": [

			]
		},

		{
			"name": "crudeOarIdle",
			"code": "crudeOarIdle",
			"quantityframes": 30,
			"onActivityStopped": "EaseOut",
			"onAnimationEnd": "Repeat",
			"keyframes": [

			]
		},

		{
			"name": "crudeOarIdle-fp",
			"code": "crudeOarIdle-fp",
			"quantityframes": 30,
			"onActivityStopped": "EaseOut",
			"onAnimationEnd": "Repeat",
			"keyframes": [

			]
		},

		{
			"name": "crudeOarStandingReady",
			"code": "crudeOarStandingReady",
			"quantityframes": 30,
			"onActivityStopped": "EaseOut",
			"onAnimationEnd": "EaseOut",
			"keyframes": [

			]
		},

		{
			"name": "crudeOarStandingReady-fp",
			"code": "crudeOarStandingReady-fp",
			"quantityframes": 30,
			"onActivityStopped": "EaseOut",
			"onAnimationEnd": "EaseOut",
			"keyframes": [

			]
		},

		{
			"name": "crudeOarHit",
			"code": "crudeOarHit",
			"quantityframes": 34,
			"onActivityStopped": "Rewind",
			"onAnimationEnd": "Repeat",
			"keyframes": [

			]
		},

		{
			"name": "crudeOarHit-fp",
			"code": "crudeOarHit-fp",
			"quantityframes": 34,
			"onActivityStopped": "Rewind",
			"onAnimationEnd": "Repeat",
			"keyframes": [

			]
		},

		{
			"name": "crudeOarReady",
			"code": "crudeOarReady",
			"quantityframes": 30,
			"onActivityStopped": "EaseOut",
			"onAnimationEnd": "Repeat",
			"keyframes": [

			]
		},

		{
			"name": "crudeOarReady-fp",
			"code": "crudeOarReady-fp",
			"quantityframes": 30,
			"onActivityStopped": "EaseOut",
			"onAnimationEnd": "Repeat",
			"keyframes": [

			]
		},

		{
			"name": "crudeOarForward",
			"code": "crudeOarForward",
			"quantityframes": 30,
			"onActivityStopped": "EaseOut",
			"onAnimationEnd": "Repeat",
			"keyframes": [

			]
		},

		{
			"name": "crudeOarForward-fp",
			"code": "crudeOarForward-fp",
			"quantityframes": 30,
			"onActivityStopped": "EaseOut",
			"onAnimationEnd": "Repeat",
			"keyframes": [

			]
		},

		{
			"name": "crudeOarBackward",
			"code": "crudeOarBackward",
			"quantityframes": 30,
			"onActivityStopped": "EaseOut",
			"onAnimationEnd": "Repeat",
			"keyframes": [

			]
		},

		{
			"name": "crudeOarBackward-fp",
			"code": "crudeOarBackward-fp",
			"quantityframes": 30,
			"onActivityStopped": "EaseOut",
			"onAnimationEnd": "Repeat",
			"keyframes": [

			]
		},

		{
			"name": "HeadScratch",
			"code": "headscratch",
			"quantityframes": 40,
			"onActivityStopped": "EaseOut",
			"onAnimationEnd": "EaseOut",
			"keyframes": [

			]
		},

		{
			"name": "HeadScratch-fp",
			"code": "headscratch-fp",
			"quantityframes": 40,
			"onActivityStopped": "EaseOut",
			"onAnimationEnd": "EaseOut",
			"keyframes": [

			]
		},

		{
			"name": "Cough",
			"code": "cough",
			"quantityframes": 20,
			"onActivityStopped": "EaseOut",
			"onAnimationEnd": "EaseOut",
			"keyframes": [

			]
		},

		{
			"name": "Cough-fp",
			"code": "cough-fp",
			"quantityframes": 20,
			"onActivityStopped": "EaseOut",
			"onAnimationEnd": "EaseOut",
			"keyframes": [

			]
		},

		{
			"name": "Stretch",
			"code": "stretch",
			"quantityframes": 70,
			"onActivityStopped": "EaseOut",
			"onAnimationEnd": "EaseOut",
			"keyframes": [

			]
		},

		{
			"name": "Stretch-fp",
			"code": "stretch-fp",
			"quantityframes": 70,
			"onActivityStopped": "EaseOut",
			"onAnimationEnd": "EaseOut",
			"keyframes": [

			]
		},

		{
			"name": "Yawn",
			"code": "yawn",
			"quantityframes": 46,
			"onActivityStopped": "EaseOut",
			"onAnimationEnd": "EaseOut",
			"keyframes": [

			]
		},

		{
			"name": "Yawn-fp",
			"code": "yawn-fp",
			"quantityframes": 46,
			"onActivityStopped": "EaseOut",
			"onAnimationEnd": "EaseOut",
			"keyframes": [

			]
		},

		{
			"name": "LookAround",
			"code": "lookaround",
			"quantityframes": 65,
			"onActivityStopped": "EaseOut",
			"onAnimationEnd": "EaseOut",
			"keyframes": [

			]
		},

		{
			"name": "AxeReady",
			"code": "axeready",
			"quantityframes": 30,
			"onActivityStopped": "EaseOut",
			"onAnimationEnd": "EaseOut",
			"keyframes": [

			]
		},

		{
			"name": "AxeReady-fp",
			"code": "axeready-fp",
			"quantityframes": 30,
			"onActivityStopped": "EaseOut",
			"onAnimationEnd": "EaseOut",
			"keyframes": [

			]
		},

		{
			"name": "Raiseshield-left",
			"code": "raiseshield-left",
			"quantityframes": 30,
			"onActivityStopped": "EaseOut",
			"onAnimationEnd": "Repeat",
			"keyframes": [

			]
		},

		{
			"name": "Raiseshield-left-fp",
			"code": "raiseshield-left-fp",
			"quantityframes": 30,
			"onActivityStopped": "EaseOut",
			"onAnimationEnd": "Repeat",
			"keyframes": [

			]
		},

		{
			"name": "Raiseshield-right",
			"code": "raiseshield-right",
			"quantityframes": 30,
			"onActivityStopped": "EaseOut",
			"onAnimationEnd": "Repeat",
			"keyframes": [

			]
		},

		{
			"name": "Raiseshield-right-fp",
			"code": "raiseshield-right-fp",
			"quantityframes": 30,
			"onActivityStopped": "EaseOut",
			"onAnimationEnd": "Repeat",
			"keyframes": [

			]
		},

		{
			"name": "SpearReady",
			"code": "spearready",
			"quantityframes": 30,
			"onActivityStopped": "EaseOut",
			"onAnimationEnd": "EaseOut",
			"keyframes": [

			]
		},

		{
			"name": "SpearReady-fp",
			"code": "spearready-fp",
			"quantityframes": 30,
			"onActivityStopped": "EaseOut",
			"onAnimationEnd": "EaseOut",
			"keyframes": [

			]
		},

		{
			"name": "SpearIdle",
			"code": "spearidle",
			"quantityframes": 30,
			"onActivityStopped": "EaseOut",
			"onAnimationEnd": "Repeat",
			"keyframes": [

			]
		},

		{
			"name": "SpearIdle-fp",
			"code": "spearidle-fp",
			"quantityframes": 30,
			"onActivityStopped": "EaseOut",
			"onAnimationEnd": "Repeat",
			"keyframes": [

			]
		},

		{
			"name": "KnifeCut",
			"code": "knifecut",
			"quantityframes": 30,
			"onActivityStopped": "EaseOut",
			"onAnimationEnd": "EaseOut",
			"keyframes": [

			]
		},

		{
			"name": "KnifeCut-fp",
			"code": "knifecut-fp",
			"quantityframes": 30,
			"onActivityStopped": "EaseOut",
			"onAnimationEnd": "Repeat",
			"keyframes": [

			]
		},

		{
			"name": "ShovelReady",
			"code": "shovelready",
			"quantityframes": 30,
			"onActivityStopped": "EaseOut",
			"onAnimationEnd": "EaseOut",
			"keyframes": [

			]
		},

		{
			"name": "ShovelReady-fp",
			"code": "shovelready-fp",
			"quantityframes": 30,
			"onActivityStopped": "EaseOut",
			"onAnimationEnd": "EaseOut",
			"keyframes": [

			]
		},

		{
			"name": "ShovelIdle",
			"code": "shovelidle",
			"quantityframes": 30,
			"onActivityStopped": "Rewind",
			"onAnimationEnd": "Repeat",
			"keyframes": [

			]
		},

		{
			"name": "ShovelIdle-fp",
			"code": "shovelidle-fp",
			"quantityframes": 30,
			"onActivityStopped": "Rewind",
			"onAnimationEnd": "Repeat",
			"keyframes": [

			]
		},

		{
			"name": "KnifeStab",
			"code": "knifestab",
			"quantityframes": 37,
			"onActivityStopped": "PlayTillEnd",
			"onAnimationEnd": "EaseOut",
			"keyframes": [

			]
		},

		{
			"name": "KnifeStab-fp",
			"code": "KnifeStab-fp",
			"quantityframes": 37,
			"onActivityStopped": "PlayTillEnd",
			"onAnimationEnd": "EaseOut",
			"keyframes": [

			]
		},

		{
			"name": "StartFire",
			"code": "startfire",
			"quantityframes": 30,
			"onActivityStopped": "EaseOut",
			"onAnimationEnd": "Repeat",
			"keyframes": [

			]
		},

		{
			"name": "StartFire-fp",
			"code": "startfire-fp",
			"quantityframes": 30,
			"onActivityStopped": "EaseOut",
			"onAnimationEnd": "Repeat",
			"keyframes": [

			]
		},

		{
			"name": "ShieldBlockL",
			"code": "shieldBlockL",
			"quantityframes": 10,
			"onActivityStopped": "EaseOut",
			"onAnimationEnd": "EaseOut",
			"keyframes": [

			]
		},

		{
			"name": "ShieldBlockR",
			"code": "shieldBlockR",
			"quantityframes": 10,
			"onActivityStopped": "EaseOut",
			"onAnimationEnd": "EaseOut",
			"keyframes": [

			]
		},

		{
			"name": "ChiselHit",
			"code": "chiselhit",
			"quantityframes": 20,
			"onActivityStopped": "EaseOut",
			"onAnimationEnd": "Repeat",
			"keyframes": [

			]
		},

		{
			"name": "ChiselHit-fp",
			"code": "chiselhit-fp",
			"quantityframes": 20,
			"onActivityStopped": "EaseOut",
			"onAnimationEnd": "Repeat",
			"keyframes": [

			]
		},

		{
			"name": "ChiselReady",
			"code": "chiselready",
			"quantityframes": 20,
			"onActivityStopped": "EaseOut",
			"onAnimationEnd": "Repeat",
			"keyframes": [

			]
		},

		{
			"name": "ChiselReady-fp",
			"code": "chiselready-fp",
			"quantityframes": 20,
			"onActivityStopped": "EaseOut",
			"onAnimationEnd": "Hold",
			"keyframes": [

			]
		},

		{
			"name": "squeezehoneycomb",
			"code": "squeezehoneycomb",
			"quantityframes": 30,
			"onActivityStopped": "EaseOut",
			"onAnimationEnd": "Repeat",
			"keyframes": [

			]
		},

		{
			"name": "squeezehoneycomb-fp",
			"code": "squeezehoneycomb-fp",
			"quantityframes": 30,
			"onActivityStopped": "EaseOut",
			"onAnimationEnd": "Repeat",
			"keyframes": [

			]
		},

		{
			"name": "insertgear-fp",
			"code": "insertgear-fp",
			"quantityframes": 65,
			"onActivityStopped": "EaseOut",
			"onAnimationEnd": "EaseOut",
			"keyframes": [

			]
		},

		{
			"name": "insertgear",
			"code": "insertgear",
			"quantityframes": 65,
			"onActivityStopped": "PlayTillEnd",
			"onAnimationEnd": "EaseOut",
			"keyframes": [

			]
		},

		{
			"name": "Bugnet",
			"code": "bugnet",
			"quantityframes": 60,
			"onActivityStopped": "EaseOut",
			"onAnimationEnd": "Repeat",
			"keyframes": [

			]
		},

		{
			"name": "Bugnet-fp",
			"code": "bugnet-fp",
			"quantityframes": 60,
			"onActivityStopped": "EaseOut",
			"onAnimationEnd": "Repeat",
			"keyframes": [

			]
		}
	]
}