{
	"editor": {
		"collapsedPaths": "Root/LowerTorso/UpperTorso/Neck/Head/mouth,Root/body/neck/jaw,Root/Body/abdomen/rib10,Root/LowerTorso/UpperTorso/Neck/Head/Ponytail1,Root/LowerTorso/UpperTorso/Neck/Head/L eyebrow 1,Root/Body/abdomen/rib14,Root/LowerTorso/UpperTorso/Neck/Head/L eye2,Root/Body/abdomen/rib,Root/Body/abdomen/rib2,Root/LowerTorso/UpperTorso/Neck/Head/R eye,Root/Body/abdomen/rib3,Root/LowerTorso/UpperTorso/Neck/Head/R eyebrow 1,Root/Body/abdomen/rib6,Root/LowerTorso/UpperTorso/Neck/L eyebrow 1",
		"allAngles": true,
		"entityTextureMode": true
	},
	"textureWidth": 64,
	"textureHeight": 64,
	"textureSizes": {
	},
	"textures": {
	},
	"elements": [
		{
			"name": "body",
			"from": [ 4.0, 0.0, 4.0 ],
			"to": [ 17.0, 8.0, 11.0 ],
			"uv": [ 15.5, 10.0 ],
			"rotationOrigin": [ 10.0, 4.0, 7.5 ],
			"rotationZ": -39.0,
			"faces": {
				"north": { "texture": "#boar", "uv": [ 15.5, 23.0, 23.5, 36.0 ], "rotation": 270 },
				"east": { "texture": "#boar", "uv": [ 23.5, 23.0, 30.5, 31.0 ], "rotation": 180 },
				"south": { "texture": "#boar", "uv": [ 30.5, 23.0, 38.5, 36.0 ], "rotation": 90 },
				"west": { "texture": "#boar", "uv": [ 38.5, 23.0, 45.5, 31.0 ] },
				"up": { "texture": "#boar", "uv": [ 15.5, 10.0, 22.5, 23.0 ], "rotation": 90 },
				"down": { "texture": "#boar", "uv": [ 22.5, 10.0, 29.5, 23.0 ], "rotation": 270 }
			},
			"children": [
				{
					"name": "neck",
					"from": [ -6.6, -0.54, 0.12 ],
					"to": [ 2.64, 8.2, 6.72 ],
					"autoUnwrap": false,
					"uv": [ 32.0, 2.0 ],
					"rotationOrigin": [ 2.64, 4.736, 3.42 ],
					"rotationZ": 19.0,
					"faces": {
						"north": { "texture": "#boar", "uv": [ 32.0, 9.0, 41.0, 17.5 ] },
						"south": { "texture": "#boar", "uv": [ 44.0, 9.0, 53.0, 17.5 ] },
						"west": { "texture": "#boar", "uv": [ 39.5, 7.5, 46.0, 16.0 ] },
						"up": { "texture": "#boar", "uv": [ 39.0, 2.0, 45.5, 11.0 ], "rotation": 90 },
						"down": { "texture": "#boar", "uv": [ 39.0, 16.0, 45.5, 25.0 ], "rotation": 90 }
					},
					"children": [
						{
							"name": "cheeks",
							"from": [ -1.98, 0.264, -0.66 ],
							"to": [ 3.3, 5.544, 7.26 ],
							"uv": [ 11.0, 20.0 ],
							"rotationOrigin": [ 1.98, 2.904, 3.3 ],
							"rotationZ": -4.0,
							"faces": {
								"north": { "texture": "#boar", "uv": [ 11.0, 25.0, 16.0, 30.0 ] },
								"east": { "texture": "#boar", "uv": [ 16.0, 25.0, 23.5, 30.0 ] },
								"south": { "texture": "#boar", "uv": [ 23.5, 25.0, 28.5, 30.0 ] },
								"west": { "texture": "#boar", "uv": [ 28.5, 25.0, 36.0, 30.0 ] },
								"up": { "texture": "#boar", "uv": [ 11.0, 20.0, 18.5, 25.0 ], "rotation": 90 },
								"down": { "texture": "#boar", "uv": [ 18.5, 20.0, 26.0, 25.0 ], "rotation": 90 }
							}
						},
						{
							"name": "head",
							"from": [ -8.58, 6.6, 1.32 ],
							"to": [ 0.66, 9.24, 5.28 ],
							"autoUnwrap": false,
							"uv": [ 44.0, 26.0 ],
							"rotationOrigin": [ 0.66, 8.58, 3.3 ],
							"rotationZ": 19.0,
							"faces": {
								"north": { "texture": "#boar", "uv": [ 44.5, 38.0, 47.0, 47.0 ], "rotation": 90 },
								"south": { "texture": "#boar", "uv": [ 43.5, 36.0, 46.0, 45.0 ], "rotation": 270 },
								"west": { "texture": "#boar", "uv": [ 41.5, 35.5, 45.0, 38.0 ] },
								"up": { "texture": "#boar", "uv": [ 44.0, 37.5, 47.5, 46.5 ], "rotation": 270 },
								"down": { "texture": "#boar", "uv": [ 44.0, 37.0, 47.5, 46.0 ], "rotation": 90 }
							}
						},
						{
							"name": "jaw",
							"from": [ -4.092, 2.244, 1.98 ],
							"to": [ 1.188, 3.564, 4.62 ],
							"autoUnwrap": false,
							"uv": [ 56.0, 29.0 ],
							"rotationOrigin": [ 1.188, 2.904, 3.3 ],
							"rotationZ": 33.0,
							"faces": {
								"north": { "texture": "#boar", "uv": [ 56.0, 29.0, 57.0, 34.0 ], "rotation": 270 },
								"south": { "texture": "#boar", "uv": [ 59.0, 29.0, 60.0, 34.0 ], "rotation": 90 },
								"west": { "texture": "#boar", "uv": [ 57.0, 33.0, 59.5, 34.0 ] },
								"up": { "texture": "#boar", "uv": [ 57.5, 29.0, 60.0, 34.0 ], "rotation": 90 },
								"down": { "texture": "#boar", "uv": [ 60.0, 29.0, 62.5, 34.0 ], "rotation": 270 }
							},
							"children": [
								{
									"name": "R tooth",
									"from": [ 1.056, 0.66, -0.264 ],
									"to": [ 2.376, 3.3, 1.056 ],
									"uv": [ 4.0, 31.5 ],
									"rotationOrigin": [ 1.716, 0.66, 0.396 ],
									"rotationX": -25.0,
									"rotationZ": 15.0,
									"faces": {
										"north": { "texture": "#boar", "uv": [ 4.0, 32.5, 5.0, 35.0 ] },
										"east": { "texture": "#boar", "uv": [ 5.0, 32.5, 6.0, 35.0 ] },
										"south": { "texture": "#boar", "uv": [ 6.0, 32.5, 7.0, 35.0 ] },
										"west": { "texture": "#boar", "uv": [ 7.0, 32.5, 8.0, 35.0 ] },
										"up": { "texture": "#boar", "uv": [ 4.0, 31.5, 5.0, 32.5 ], "rotation": 90 },
										"down": { "texture": "#boar", "uv": [ 5.0, 31.5, 6.0, 32.5 ], "rotation": 90 }
									}
								},
								{
									"name": "R tooth18",
									"from": [ 1.056, 0.66, 1.584 ],
									"to": [ 2.376, 3.3, 2.904 ],
									"uv": [ 6.0, 31.5 ],
									"rotationOrigin": [ 1.716, 0.66, 2.244 ],
									"rotationX": 25.0,
									"rotationZ": 15.0,
									"faces": {
										"north": { "texture": "#boar", "uv": [ 6.0, 32.5, 7.0, 35.0 ] },
										"east": { "texture": "#boar", "uv": [ 7.0, 32.5, 8.0, 35.0 ] },
										"south": { "texture": "#boar", "uv": [ 8.0, 32.5, 9.0, 35.0 ] },
										"west": { "texture": "#boar", "uv": [ 9.0, 32.5, 10.0, 35.0 ] },
										"up": { "texture": "#boar", "uv": [ 6.0, 31.5, 7.0, 32.5 ], "rotation": 90 },
										"down": { "texture": "#boar", "uv": [ 7.0, 31.5, 8.0, 32.5 ], "rotation": 90 }
									}
								}
							]
						},
						{
							"name": "R ear",
							"from": [ 0.66, 8.316, -0.264 ],
							"to": [ 1.98, 10.276, 2.376 ],
							"uv": [ 18.0, 1.0 ],
							"rotationOrigin": [ 1.32, 8.316, 1.056 ],
							"rotationX": -40.0,
							"rotationY": -20.0,
							"faces": {
								"north": { "texture": "#boar", "uv": [ 18.0, 2.0, 19.0, 3.5 ] },
								"east": { "texture": "#boar", "uv": [ 19.0, 2.0, 21.5, 3.5 ] },
								"south": { "texture": "#boar", "uv": [ 21.5, 2.0, 22.5, 3.5 ] },
								"west": { "texture": "#boar", "uv": [ 22.5, 2.0, 25.0, 3.5 ] },
								"up": { "texture": "#boar", "uv": [ 18.0, 1.0, 20.5, 2.0 ], "rotation": 90 }
							}
						},
						{
							"name": "L eat",
							"from": [ 0.66, 8.316, 4.224 ],
							"to": [ 1.98, 10.276, 6.864 ],
							"uv": [ 26.0, 1.0 ],
							"rotationOrigin": [ 1.32, 8.316, 5.544 ],
							"rotationX": 40.0,
							"rotationY": 20.0,
							"faces": {
								"north": { "texture": "#boar", "uv": [ 26.0, 2.0, 27.0, 3.5 ] },
								"east": { "texture": "#boar", "uv": [ 27.0, 2.0, 29.5, 3.5 ] },
								"south": { "texture": "#boar", "uv": [ 29.5, 2.0, 30.5, 3.5 ] },
								"west": { "texture": "#boar", "uv": [ 30.5, 2.0, 33.0, 3.5 ] },
								"up": { "texture": "#boar", "uv": [ 26.0, 1.0, 28.5, 2.0 ], "rotation": 90 }
							}
						},
						{
							"name": "R front leg",
							"from": [ 3.96, -1.32, 0.94 ],
							"to": [ 7.92, 6.6, 4.9 ],
							"uv": [ 2.0, 31.0 ],
							"rotationOrigin": [ 5.94, 5.28, 2.792 ],
							"rotationX": 102.0,
							"rotationY": -6.0,
							"rotationZ": 17.0,
							"faces": {
								"north": { "texture": "#boar", "uv": [ 2.0, 34.5, 5.5, 42.0 ] },
								"east": { "texture": "#boar", "uv": [ 5.5, 34.5, 9.0, 42.0 ] },
								"south": { "texture": "#boar", "uv": [ 9.0, 34.5, 12.5, 42.0 ] },
								"west": { "texture": "#boar", "uv": [ 12.5, 34.5, 16.0, 42.0 ] },
								"up": { "texture": "#boar", "uv": [ 2.0, 31.0, 5.5, 34.5 ], "rotation": 90 },
								"down": { "texture": "#boar", "uv": [ 5.5, 31.0, 9.0, 34.5 ], "rotation": 90 }
							},
							"children": [
								{
									"name": "R front feet",
									"from": [ 0.66, -6.336, 0.66 ],
									"to": [ 3.3, 1.584, 3.3 ],
									"autoUnwrap": false,
									"uv": [ 6.5, 44.5 ],
									"rotationOrigin": [ 1.98, 1.584, 1.98 ],
									"rotationX": -66.0,
									"rotationY": 8.0,
									"rotationZ": -50.0,
									"faces": {
										"north": { "texture": "#boar", "uv": [ 6.5, 47.0, 9.0, 54.5 ] },
										"east": { "texture": "#boar", "uv": [ 9.0, 47.0, 11.5, 54.5 ] },
										"south": { "texture": "#boar", "uv": [ 11.5, 47.0, 14.0, 54.5 ] },
										"west": { "texture": "#boar", "uv": [ 14.0, 47.0, 16.5, 54.5 ] },
										"up": { "texture": "#boar", "uv": [ 8.5, 43.0, 11.0, 45.5 ], "rotation": 90 },
										"down": { "texture": "#boar", "uv": [ 9.5, 55.5, 12.0, 58.0 ], "rotation": 90 }
									},
									"children": [
										{
											"name": "R front feet2",
											"from": [ -0.1356, -6.4833, 0.0106 ],
											"to": [ 1.6044, 1.4367, 1.9506 ],
											"uv": [ 14.5, 54.0 ],
											"rotationOrigin": [ 1.1844, 1.4407, 1.3306 ],
											"rotationX": -1.262,
											"rotationY": -35.421,
											"rotationZ": 70.12,
											"faces": {
												"north": { "texture": "#boar", "uv": [ 14.5, 55.5, 16.0, 63.0 ] },
												"east": { "texture": "#boar", "uv": [ 16.0, 55.5, 17.5, 63.0 ] },
												"south": { "texture": "#boar", "uv": [ 17.5, 55.5, 19.0, 63.0 ] },
												"west": { "texture": "#boar", "uv": [ 19.0, 55.5, 20.5, 63.0 ] },
												"up": { "texture": "#boar", "uv": [ 14.5, 54.0, 16.0, 55.5 ], "rotation": 90 },
												"down": { "texture": "#boar", "uv": [ 16.0, 54.0, 17.5, 55.5 ], "rotation": 90 }
											}
										}
									]
								}
							]
						},
						{
							"name": "L front leg",
							"from": [ 3.96, -1.32, 3.696 ],
							"to": [ 7.92, 6.6, 7.656 ],
							"uv": [ 11.5, 28.5 ],
							"rotationOrigin": [ 5.94, 5.28, 5.544 ],
							"rotationX": -44.0,
							"rotationY": 11.0,
							"rotationZ": -22.0,
							"faces": {
								"north": { "texture": "#boar", "uv": [ 11.5, 32.0, 15.0, 39.5 ] },
								"east": { "texture": "#boar", "uv": [ 15.0, 32.0, 18.5, 39.5 ] },
								"south": { "texture": "#boar", "uv": [ 18.5, 32.0, 22.0, 39.5 ] },
								"west": { "texture": "#boar", "uv": [ 22.0, 32.0, 25.5, 39.5 ] },
								"up": { "texture": "#boar", "uv": [ 11.5, 28.5, 15.0, 32.0 ], "rotation": 90 },
								"down": { "texture": "#boar", "uv": [ 15.0, 28.5, 18.5, 32.0 ], "rotation": 90 }
							},
							"children": [
								{
									"name": "L front feet",
									"from": [ -0.24, -6.34, 2.16 ],
									"to": [ 2.0, 0.58, 4.3 ],
									"autoUnwrap": false,
									"uv": [ 17.5, 44.5 ],
									"rotationOrigin": [ 1.08, 1.584, 3.48 ],
									"rotationX": 42.0,
									"rotationY": 6.0,
									"rotationZ": 28.0,
									"faces": {
										"north": { "texture": "#boar", "uv": [ 17.5, 46.5, 19.5, 53.0 ] },
										"east": { "texture": "#boar", "uv": [ 19.5, 46.5, 21.5, 53.0 ] },
										"south": { "texture": "#boar", "uv": [ 21.5, 46.5, 23.5, 53.0 ] },
										"west": { "texture": "#boar", "uv": [ 23.5, 46.5, 25.5, 53.0 ] },
										"up": { "texture": "#boar", "uv": [ 19.0, 43.0, 21.0, 45.0 ], "rotation": 90 },
										"down": { "texture": "#boar", "uv": [ 20.0, 54.5, 22.0, 56.5 ], "rotation": 90 }
									}
								}
							]
						},
						{
							"name": "jaw2",
							"from": [ -5.39, 4.64, 2.58 ],
							"to": [ -1.11, 5.66, 4.22 ],
							"autoUnwrap": false,
							"uv": [ 52.5, 26.5 ],
							"rotationOrigin": [ -0.112, 5.304, 3.9 ],
							"rotationZ": 33.0,
							"faces": {
								"north": { "texture": "#boar", "uv": [ 53.0, 26.0, 54.0, 30.0 ], "rotation": 270 },
								"south": { "texture": "#boar", "uv": [ 53.5, 27.0, 54.5, 31.0 ], "rotation": 90 },
								"west": { "texture": "#boar", "uv": [ 53.0, 30.5, 54.5, 31.5 ] },
								"up": { "texture": "#boar", "uv": [ 52.5, 26.5, 54.0, 30.5 ], "rotation": 90 },
								"down": { "texture": "#boar", "uv": [ 53.5, 26.5, 55.0, 30.5 ], "rotation": 270 }
							},
							"children": [
								{
									"name": "jaw3",
									"from": [ -1.6158, -0.8776, 0.0 ],
									"to": [ 0.6642, 0.1424, 1.64 ],
									"autoUnwrap": false,
									"uv": [ 52.5, 26.5 ],
									"rotationOrigin": [ 2.6642, -0.2136, 1.32 ],
									"rotationZ": -19.0,
									"faces": {
										"north": { "texture": "#boar", "uv": [ 53.0, 26.0, 54.0, 28.0 ], "rotation": 270 },
										"south": { "texture": "#boar", "uv": [ 53.5, 27.0, 54.5, 29.0 ], "rotation": 90 },
										"west": { "texture": "#boar", "uv": [ 53.0, 30.5, 54.5, 31.5 ] },
										"up": { "texture": "#boar", "uv": [ 52.5, 26.5, 54.0, 28.5 ], "rotation": 90 },
										"down": { "texture": "#boar", "uv": [ 53.5, 26.5, 55.0, 28.5 ], "rotation": 270 }
									}
								}
							]
						}
					],
					"attachmentpoints": [
						{
							"code": "rope",
							"posX": "3.0","posY": "5.0","posZ": "2.6",
							"rotationX": "0.0","rotationY": "0.0","rotationZ": "0.0"
						}
					]
				},
				{
					"name": "body3",
					"from": [ 6.5428, 5.4269, -1.6 ],
					"to": [ 12.4428, 10.4269, 4.7 ],
					"uv": [ 16.5, 22.0 ],
					"rotationOrigin": [ 12.5428, 9.4269, 1.9 ],
					"rotationZ": 39.0,
					"faces": {
						"north": { "texture": "#boar", "uv": [ 16.5, 27.5, 21.5, 33.0 ], "rotation": 270 },
						"east": { "texture": "#boar", "uv": [ 21.5, 27.5, 27.5, 32.5 ], "rotation": 180 },
						"south": { "texture": "#boar", "uv": [ 27.5, 27.5, 32.5, 33.0 ], "rotation": 90 },
						"west": { "texture": "#boar", "uv": [ 32.5, 27.5, 38.5, 32.5 ] },
						"up": { "texture": "#boar", "uv": [ 16.5, 22.0, 22.5, 27.5 ], "rotation": 90 },
						"down": { "texture": "#boar", "uv": [ 22.5, 22.0, 28.5, 27.5 ], "rotation": 270 }
					},
					"children": [
						{
							"name": "body4",
							"from": [ 1.7, 0.0, 5.0 ],
							"to": [ 7.3, 2.7, 11.3 ],
							"uv": [ 3.0, 6.0 ],
							"rotationOrigin": [ 7.7, 4.0, 8.5 ],
							"faces": {
								"north": { "texture": "#boar", "uv": [ 3.0, 11.5, 5.5, 17.0 ], "rotation": 270 },
								"east": { "texture": "#boar", "uv": [ 5.5, 11.5, 11.5, 14.0 ], "rotation": 180 },
								"south": { "texture": "#boar", "uv": [ 11.5, 11.5, 14.0, 17.0 ], "rotation": 90 },
								"west": { "texture": "#boar", "uv": [ 14.0, 11.5, 20.0, 14.0 ] },
								"up": { "texture": "#boar", "uv": [ 3.0, 6.0, 9.0, 11.5 ], "rotation": 90 },
								"down": { "texture": "#boar", "uv": [ 9.0, 6.0, 15.0, 11.5 ], "rotation": 270 }
							}
						},
						{
							"name": "body2",
							"from": [ -6.4999, 0.0036, -2.0 ],
							"to": [ 10.7001, 2.0036, 8.3 ],
							"uv": [ 7.0, 11.0 ],
							"rotationOrigin": [ -0.4999, 4.0, 1.5 ],
							"faces": {
								"north": { "texture": "#boar", "uv": [ 7.0, 28.0, 9.0, 45.0 ], "rotation": 270 },
								"east": { "texture": "#boar", "uv": [ 9.0, 28.0, 19.0, 30.0 ], "rotation": 180 },
								"south": { "texture": "#boar", "uv": [ 19.0, 28.0, 21.0, 45.0 ], "rotation": 90 },
								"west": { "texture": "#boar", "uv": [ 21.0, 28.0, 31.0, 30.0 ] },
								"up": { "texture": "#boar", "uv": [ 7.0, 11.0, 17.0, 28.0 ], "rotation": 90 },
								"down": { "texture": "#boar", "uv": [ 17.0, 11.0, 27.0, 28.0 ], "rotation": 270 }
							},
							"children": [
								{
									"name": "body5",
									"from": [ 1.9, 0.0, 9.9 ],
									"to": [ 15.6, 1.0, 16.1 ],
									"uv": [ 9.5, 5.5 ],
									"rotationOrigin": [ 7.9, 4.0, 13.4 ],
									"faces": {
										"north": { "texture": "#boar", "uv": [ 9.5, 19.0, 10.5, 32.5 ], "rotation": 270 },
										"east": { "texture": "#boar", "uv": [ 10.5, 19.0, 16.5, 20.0 ], "rotation": 180 },
										"south": { "texture": "#boar", "uv": [ 16.5, 19.0, 17.5, 32.5 ], "rotation": 90 },
										"west": { "texture": "#boar", "uv": [ 17.5, 19.0, 23.5, 20.0 ] },
										"up": { "texture": "#boar", "uv": [ 9.5, 5.5, 15.5, 19.0 ], "rotation": 90 },
										"down": { "texture": "#boar", "uv": [ 15.5, 5.5, 21.5, 19.0 ], "rotation": 270 }
									}
								}
							]
						}
					]
				},
				{
					"name": "Cube2",
					"from": [ 1.3, 6.1, 3.0 ],
					"to": [ 2.3, 10.1, 4.0 ],
					"uv": [ 25.0, 54.5 ],
					"rotationOrigin": [ 1.3, 6.1, 3.0 ],
					"rotationZ": 19.0,
					"faces": {
						"north": { "texture": "#boar", "uv": [ 25.0, 55.5, 26.0, 59.5 ] },
						"east": { "texture": "#boar", "uv": [ 26.0, 55.5, 27.0, 59.5 ] },
						"south": { "texture": "#boar", "uv": [ 27.0, 55.5, 28.0, 59.5 ] },
						"west": { "texture": "#boar", "uv": [ 28.0, 55.5, 29.0, 59.5 ] },
						"up": { "texture": "#boar", "uv": [ 25.0, 54.5, 26.0, 55.5 ] },
						"down": { "texture": "#boar", "uv": [ 26.0, 54.5, 27.0, 55.5 ] }
					}
				},
				{
					"name": "Cube3",
					"from": [ 2.7, 6.1, 3.0 ],
					"to": [ 3.7, 12.7, 4.0 ],
					"uv": [ 23.5, 55.0 ],
					"rotationOrigin": [ 2.7, 6.1, 3.0 ],
					"rotationZ": -8.0,
					"faces": {
						"north": { "texture": "#boar", "uv": [ 23.5, 56.0, 24.5, 62.5 ] },
						"east": { "texture": "#boar", "uv": [ 24.5, 56.0, 25.5, 62.5 ] },
						"south": { "texture": "#boar", "uv": [ 25.5, 56.0, 26.5, 62.5 ] },
						"west": { "texture": "#boar", "uv": [ 26.5, 56.0, 27.5, 62.5 ] },
						"up": { "texture": "#boar", "uv": [ 23.5, 55.0, 24.5, 56.0 ] },
						"down": { "texture": "#boar", "uv": [ 24.5, 55.0, 25.5, 56.0 ] }
					}
				},
				{
					"name": "Cube4",
					"from": [ 4.7, 6.1, 3.0 ],
					"to": [ 5.7, 12.7, 4.0 ],
					"uv": [ 24.0, 52.5 ],
					"rotationOrigin": [ 4.7, 6.1, 3.0 ],
					"rotationZ": -28.0,
					"faces": {
						"north": { "texture": "#boar", "uv": [ 24.0, 53.5, 25.0, 60.0 ] },
						"east": { "texture": "#boar", "uv": [ 25.0, 53.5, 26.0, 60.0 ] },
						"south": { "texture": "#boar", "uv": [ 26.0, 53.5, 27.0, 60.0 ] },
						"west": { "texture": "#boar", "uv": [ 27.0, 53.5, 28.0, 60.0 ] },
						"up": { "texture": "#boar", "uv": [ 24.0, 52.5, 25.0, 53.5 ] },
						"down": { "texture": "#boar", "uv": [ 25.0, 52.5, 26.0, 53.5 ] }
					}
				}
			],
			"attachmentpoints": [
				{
					"code": "Center",
					"posX": "6.0","posY": "4.0","posZ": "3.5",
					"rotationX": "0.0","rotationY": "0.0","rotationZ": "0.0"
				}
			]
		}
	],
	"animations": [
		{
			"name": "Idle",
			"code": "idle",
			"quantityframes": 30,
			"onActivityStopped": "EaseOut",
			"onAnimationEnd": "Repeat",
			"keyframes": [
				{
					"frame": 0,
					"elements": {
						"body": { "offsetX": 0.0, "offsetY": 0.0, "offsetZ": 0.0 },
						"neck": { "rotationX": 0.0, "rotationY": 0.0, "rotationZ": 0.0 },
						"R ear": { "rotationX": 0.0, "rotationY": 0.0, "rotationZ": 0.0 },
						"L eat": { "rotationX": 0.0, "rotationY": 0.0, "rotationZ": 0.0 },
						"L front leg": { "rotationX": 0.0, "rotationY": 0.0, "rotationZ": 0.0 },
						"R front leg": { "rotationX": 0.0, "rotationY": 0.0, "rotationZ": 0.0 }
					}
				},
				{
					"frame": 15,
					"elements": {
						"body": { "offsetX": 0.0, "offsetY": -0.1, "offsetZ": 0.0 },
						"neck": { "rotationX": 0.0, "rotationY": 0.0, "rotationZ": -1.0 },
						"R ear": { "rotationX": 0.0, "rotationY": 3.0, "rotationZ": 0.0 },
						"L eat": { "rotationX": 0.0, "rotationY": 3.0, "rotationZ": 0.0 },
						"L front leg": { "rotationX": 0.0, "rotationY": 0.0, "rotationZ": 1.0 },
						"R front leg": { "rotationX": 0.0, "rotationY": 0.0, "rotationZ": 1.0 }
					}
				}
			]
		},

		{
			"name": "Walk",
			"code": "walk",
			"quantityframes": 90,
			"onActivityStopped": "EaseOut",
			"onAnimationEnd": "Repeat",
			"keyframes": [
				{
					"frame": 0,
					"elements": {
						"body": { "offsetX": 0.0, "offsetY": 0.0, "offsetZ": 0.0, "rotationX": -1.0, "rotationY": 1.0, "rotationZ": 2.0 },
						"neck": { "offsetX": 0.0, "offsetY": 0.0, "offsetZ": 0.0, "rotationX": 1.0, "rotationY": 0.0, "rotationZ": -2.0 },
						"R ear": { "offsetX": 0.0, "offsetY": 0.0, "offsetZ": 0.0, "rotationX": 0.0, "rotationY": 0.0, "rotationZ": 0.0 },
						"L eat": { "offsetX": 0.0, "offsetY": 0.0, "offsetZ": 0.0, "rotationX": 0.0, "rotationY": 0.0, "rotationZ": 0.0 },
						"L front leg": { "offsetX": 0.0, "offsetY": 1.32, "offsetZ": 0.0, "rotationX": -1.0, "rotationY": 0.0, "rotationZ": 14.0 },
						"L front feet": { "offsetX": 0.0, "offsetY": 0.0, "offsetZ": 0.0, "rotationX": 0.0, "rotationY": 0.0, "rotationZ": -22.5 },
						"R front feet2": { "rotationX": 0.0, "rotationY": 0.0, "rotationZ": 0.0 }
					}
				},
				{
					"frame": 15,
					"elements": {
						"body": { "offsetX": 0.0, "offsetY": 0.0, "offsetZ": 0.0, "rotationX": 1.0, "rotationY": 1.0, "rotationZ": 4.0 },
						"neck": { "offsetX": 0.0, "offsetY": 0.0, "offsetZ": 0.0, "rotationX": 0.0, "rotationY": 0.0, "rotationZ": 0.0 },
						"R ear": { "offsetX": 0.0, "offsetY": 0.0, "offsetZ": 0.0, "rotationX": 0.0, "rotationY": 0.0, "rotationZ": -5.0 },
						"L eat": { "offsetX": 0.0, "offsetY": 0.0, "offsetZ": 0.0, "rotationX": 0.0, "rotationY": 0.0, "rotationZ": -5.0 },
						"R front leg": { "offsetX": 0.0, "offsetY": -1.320000081062318, "offsetZ": 0.0, "rotationX": 0.0, "rotationY": 0.0, "rotationZ": 20.0 },
						"R front feet": { "offsetX": 0.0, "offsetY": 0.0, "offsetZ": 0.0, "rotationX": 0.0, "rotationY": 0.0, "rotationZ": -10.0 },
						"R front feet2": { "rotationX": 0.0, "rotationY": 0.0, "rotationZ": 0.0 },
						"L front leg": { "offsetX": 1.32, "offsetY": 0.4, "offsetZ": 0.0, "rotationX": -1.0, "rotationY": 0.0, "rotationZ": -30.0 },
						"L front feet": { "offsetX": 0.0, "offsetY": 0.0, "offsetZ": 0.0, "rotationX": 0.0, "rotationY": 0.0, "rotationZ": -28.0 }
					}
				},
				{
					"frame": 30,
					"elements": {
						"body": { "offsetX": 0.0, "offsetY": 0.0, "offsetZ": 0.0, "rotationX": 0.0, "rotationY": 0.0, "rotationZ": 3.0 },
						"neck": { "offsetX": 0.0, "offsetY": 0.0, "offsetZ": 0.0, "rotationX": 0.0, "rotationY": 0.0, "rotationZ": -3.0 },
						"R front leg": { "offsetX": 0.0, "offsetY": 0.0, "offsetZ": 0.0, "rotationX": 0.0, "rotationY": 0.0, "rotationZ": 30.0 },
						"R front feet": { "offsetX": 0.0, "offsetY": -0.660000040531159, "offsetZ": 0.0, "rotationX": 0.0, "rotationY": 0.0, "rotationZ": -20.0 },
						"R front feet2": { "rotationX": 0.0, "rotationY": 0.0, "rotationZ": 0.0 },
						"L front leg": { "offsetX": 1.32, "offsetY": -1.66, "offsetZ": 1.0, "rotationX": 8.0, "rotationY": -6.0, "rotationZ": -33.0 },
						"L front feet": { "offsetX": 0.0, "offsetY": 0.0, "offsetZ": 0.0, "rotationX": 0.0, "rotationY": 0.0, "rotationZ": 33.0 }
					}
				},
				{
					"frame": 45,
					"elements": {
						"body": { "offsetX": 0.0, "offsetY": 0.0, "offsetZ": 0.0, "rotationX": 1.0, "rotationY": -1.0, "rotationZ": 2.0 },
						"neck": { "offsetX": 0.0, "offsetY": 0.0, "offsetZ": 0.0, "rotationX": -1.0, "rotationY": 0.0, "rotationZ": -2.0 },
						"R ear": { "offsetX": 0.0, "offsetY": 0.0, "offsetZ": 0.0, "rotationX": 0.0, "rotationY": 0.0, "rotationZ": 0.0 },
						"L eat": { "offsetX": 0.0, "offsetY": 0.0, "offsetZ": 0.0, "rotationX": 0.0, "rotationY": 0.0, "rotationZ": 0.0 },
						"R front leg": { "offsetX": 0.0, "offsetY": 1.320000081062318, "offsetZ": 0.0, "rotationX": 1.0, "rotationY": 0.0, "rotationZ": 14.0 },
						"R front feet": { "offsetX": 0.0, "offsetY": 0.0, "offsetZ": 0.0, "rotationX": 0.0, "rotationY": 0.0, "rotationZ": -22.5 },
						"R front feet2": { "rotationX": 0.0, "rotationY": 0.0, "rotationZ": -44.0 },
						"L front leg": { "offsetX": 1.0, "offsetY": 0.0, "offsetZ": 2.0 }
					}
				},
				{
					"frame": 60,
					"elements": {
						"body": { "offsetX": 0.0, "offsetY": 0.0, "offsetZ": 0.0, "rotationX": -1.0, "rotationY": -1.0, "rotationZ": 4.0 },
						"neck": { "offsetX": 0.0, "offsetY": 0.0, "offsetZ": 0.0, "rotationX": 0.0, "rotationY": 0.0, "rotationZ": 0.0 },
						"R ear": { "offsetX": 0.0, "offsetY": 0.0, "offsetZ": 0.0, "rotationX": 0.0, "rotationY": 0.0, "rotationZ": -5.0 },
						"L eat": { "offsetX": 0.0, "offsetY": 0.0, "offsetZ": 0.0, "rotationX": 0.0, "rotationY": 0.0, "rotationZ": -5.0 },
						"R front leg": { "offsetX": 1.320000081062318, "offsetY": 0.3960000243186954, "offsetZ": 0.0, "rotationX": 1.0, "rotationY": 0.0, "rotationZ": -30.0 },
						"R front feet": { "offsetX": 0.0, "offsetY": 0.0, "offsetZ": 0.0, "rotationX": 0.0, "rotationY": 0.0, "rotationZ": 0.0 },
						"R front feet2": { "rotationX": 0.0, "rotationY": 0.0, "rotationZ": 0.0 },
						"L front leg": { "offsetX": -2.0, "offsetY": -0.32, "offsetZ": 1.0, "rotationX": 0.0, "rotationY": 0.0, "rotationZ": 20.0 },
						"L front feet": { "offsetX": 0.0, "offsetY": 2.0, "offsetZ": 0.0, "rotationX": 0.0, "rotationY": 0.0, "rotationZ": -10.0 }
					}
				},
				{
					"frame": 75,
					"elements": {
						"body": { "offsetX": 0.0, "offsetY": 0.0, "offsetZ": 0.0, "rotationX": 0.0, "rotationY": 0.0, "rotationZ": 3.0 },
						"neck": { "offsetX": 0.0, "offsetY": 0.0, "offsetZ": 0.0, "rotationX": 0.0, "rotationY": 0.0, "rotationZ": -3.0 },
						"R front leg": { "offsetX": 1.320000081062318, "offsetY": -0.660000040531159, "offsetZ": 0.0, "rotationX": 1.0, "rotationY": 0.0, "rotationZ": 4.0 },
						"R front feet": { "offsetX": 0.0, "offsetY": 0.0, "offsetZ": 0.0, "rotationX": 0.0, "rotationY": 0.0, "rotationZ": -14.0 },
						"R front feet2": { "rotationX": 0.0, "rotationY": 0.0, "rotationZ": 28.0 },
						"L front leg": { "offsetX": -1.0, "offsetY": 1.0, "offsetZ": 1.0, "rotationX": 0.0, "rotationY": 0.0, "rotationZ": 30.0 },
						"L front feet": { "offsetX": 0.0, "offsetY": 0.34, "offsetZ": 0.0, "rotationX": 0.0, "rotationY": 0.0, "rotationZ": -20.0 }
					}
				}
			]
		},

		{
			"name": "Run",
			"code": "run",
			"quantityframes": 90,
			"onActivityStopped": "EaseOut",
			"onAnimationEnd": "Repeat",
			"keyframes": [
				{
					"frame": 0,
					"elements": {
						"body": { "offsetX": -3.0, "offsetY": -1.7, "offsetZ": 0.0, "rotationX": 0.0, "rotationY": 0.0, "rotationZ": 8.0 },
						"neck": { "offsetX": 0.0, "offsetY": 0.0, "offsetZ": 0.0, "rotationX": 0.0, "rotationY": 0.0, "rotationZ": -6.0 },
						"R ear": { "offsetX": 0.0, "offsetY": 0.0, "offsetZ": 0.0, "rotationX": 0.0, "rotationY": 0.0, "rotationZ": 0.0 },
						"L eat": { "offsetX": 0.0, "offsetY": 0.0, "offsetZ": 0.0, "rotationX": 0.0, "rotationY": 0.0, "rotationZ": 0.0 },
						"R front leg": { "offsetX": 0.66, "offsetY": 2.64, "offsetZ": 0.0, "rotationX": 0.0, "rotationY": 22.0, "rotationZ": 11.0 },
						"R front feet": { "offsetX": 0.0, "offsetY": 0.0, "offsetZ": 0.0, "rotationX": 2.0, "rotationY": 0.0, "rotationZ": -25.0 },
						"L front leg": { "offsetX": 0.66, "offsetY": 2.64, "offsetZ": 0.0, "rotationX": -2.0, "rotationY": -11.0, "rotationZ": 19.0 },
						"L front feet": { "offsetX": 0.0, "offsetY": 0.0, "offsetZ": 0.0, "rotationX": 0.0, "rotationY": 0.0, "rotationZ": -30.0 },
						"body3": { "offsetX": 0.0, "offsetY": -2.0, "offsetZ": 0.0, "rotationX": 0.0, "rotationY": 0.0, "rotationZ": -11.0 }
					}
				},
				{
					"frame": 15,
					"elements": {
						"body": { "offsetX": -5.0, "offsetY": -3.0, "offsetZ": 0.0, "rotationX": 0.0, "rotationY": 0.0, "rotationZ": 0.0 },
						"neck": { "offsetX": 0.0, "offsetY": 0.0, "offsetZ": 0.0, "rotationX": 0.0, "rotationY": 0.0, "rotationZ": -4.0 },
						"R ear": { "offsetX": 0.0, "offsetY": 0.0, "offsetZ": 0.0, "rotationX": 0.0, "rotationY": 0.0, "rotationZ": -22.5 },
						"L eat": { "offsetX": 0.0, "offsetY": 0.0, "offsetZ": 0.0, "rotationX": 0.0, "rotationY": 0.0, "rotationZ": -22.5 },
						"R front leg": { "offsetX": -0.68, "offsetY": -2.32, "offsetZ": -1.0, "rotationX": 0.0, "rotationY": 0.0, "rotationZ": 25.0 },
						"R front feet": { "offsetX": 0.0, "offsetY": 0.0, "offsetZ": 0.0, "rotationX": 2.0, "rotationY": 0.0, "rotationZ": 0.0 },
						"L front leg": { "offsetX": 1.32, "offsetY": 0.68, "offsetZ": 2.0, "rotationX": -2.0, "rotationY": 0.0, "rotationZ": 30.0 },
						"L front feet": { "offsetX": 0.0, "offsetY": 0.0, "offsetZ": 0.0, "rotationX": 0.0, "rotationY": 0.0, "rotationZ": 0.0 },
						"body3": { "offsetX": 0.0, "offsetY": -1.0, "offsetZ": 0.0, "rotationX": 0.0, "rotationY": 0.0, "rotationZ": 0.0 }
					}
				},
				{
					"frame": 30,
					"elements": {
						"body": { "offsetX": -1.0, "offsetY": 0.0, "offsetZ": 0.0, "rotationX": 0.0, "rotationY": 0.0, "rotationZ": 2.0 },
						"neck": { "offsetX": 0.0, "offsetY": 0.0, "offsetZ": 0.0, "rotationX": 0.0, "rotationY": 0.0, "rotationZ": 0.0 },
						"R front leg": { "offsetX": 1.32, "offsetY": 0.0, "offsetZ": 0.0, "rotationX": 0.0, "rotationY": 0.0, "rotationZ": 15.0 },
						"R front feet": { "offsetX": 0.0, "offsetY": 0.0, "offsetZ": 0.0, "rotationX": 2.0, "rotationY": 0.0, "rotationZ": -50.0 },
						"L front leg": { "offsetX": 1.32, "offsetY": 0.0, "offsetZ": 0.0, "rotationX": -2.0, "rotationY": 0.0, "rotationZ": 6.0 },
						"L front feet": { "offsetX": 0.0, "offsetY": -1.320000081062318, "offsetZ": 0.0, "rotationX": 0.0, "rotationY": 0.0, "rotationZ": -45.0 },
						"body3": { "offsetX": -0.5, "offsetY": -1.7, "offsetZ": 0.0, "rotationX": 0.0, "rotationY": 0.0, "rotationZ": -3.0 }
					}
				},
				{
					"frame": 45,
					"elements": {
						"body": { "offsetX": -3.0, "offsetY": -1.0, "offsetZ": 0.0, "rotationX": 0.0, "rotationY": 0.0, "rotationZ": 8.0 },
						"neck": { "offsetX": 0.0, "offsetY": 0.0, "offsetZ": 0.0, "rotationX": 0.0, "rotationY": 0.0, "rotationZ": -6.0 },
						"R ear": { "offsetX": 0.0, "offsetY": 0.0, "offsetZ": 0.0, "rotationX": 0.0, "rotationY": 0.0, "rotationZ": 0.0 },
						"L eat": { "offsetX": 0.0, "offsetY": 0.0, "offsetZ": 0.0, "rotationX": 0.0, "rotationY": 0.0, "rotationZ": 0.0 },
						"R front leg": { "offsetX": 0.66, "offsetY": 2.64, "offsetZ": 0.0, "rotationX": 0.0, "rotationY": 22.0, "rotationZ": 11.0 },
						"R front feet": { "offsetX": 0.0, "offsetY": 0.0, "offsetZ": 0.0, "rotationX": 2.0, "rotationY": 0.0, "rotationZ": -25.0 },
						"L front leg": { "offsetX": 0.66, "offsetY": 2.64, "offsetZ": 0.0, "rotationX": -2.0, "rotationY": -11.0, "rotationZ": 19.0 },
						"L front feet": { "offsetX": 0.0, "offsetY": 0.0, "offsetZ": 0.0, "rotationX": 0.0, "rotationY": 0.0, "rotationZ": -30.0 },
						"body3": { "offsetX": 0.0, "offsetY": -1.9, "offsetZ": 0.0, "rotationX": 0.0, "rotationY": 0.0, "rotationZ": -8.0 }
					}
				},
				{
					"frame": 60,
					"elements": {
						"body": { "offsetX": -5.0, "offsetY": -3.0, "offsetZ": 0.0, "rotationX": 0.0, "rotationY": 0.0, "rotationZ": 0.0 },
						"neck": { "offsetX": 0.0, "offsetY": 0.0, "offsetZ": 0.0, "rotationX": 0.0, "rotationY": 0.0, "rotationZ": -4.0 },
						"R ear": { "offsetX": 0.0, "offsetY": 0.0, "offsetZ": 0.0, "rotationX": 0.0, "rotationY": 0.0, "rotationZ": -22.5 },
						"L eat": { "offsetX": 0.0, "offsetY": 0.0, "offsetZ": 0.0, "rotationX": 0.0, "rotationY": 0.0, "rotationZ": -22.5 },
						"R front leg": { "offsetX": -0.68, "offsetY": -2.32, "offsetZ": -1.0, "rotationX": 0.0, "rotationY": 0.0, "rotationZ": 25.0 },
						"R front feet": { "offsetX": 0.0, "offsetY": 0.0, "offsetZ": 0.0, "rotationX": 2.0, "rotationY": 0.0, "rotationZ": 0.0 },
						"L front leg": { "offsetX": 1.32, "offsetY": 0.68, "offsetZ": 2.0, "rotationX": -2.0, "rotationY": 0.0, "rotationZ": 30.0 },
						"L front feet": { "offsetX": 0.0, "offsetY": 0.0, "offsetZ": 0.0, "rotationX": 0.0, "rotationY": 0.0, "rotationZ": 0.0 },
						"body3": { "offsetX": 0.0, "offsetY": -1.0, "offsetZ": 0.0, "rotationX": 0.0, "rotationY": 0.0, "rotationZ": 0.0 }
					}
				},
				{
					"frame": 75,
					"elements": {
						"body": { "offsetX": -2.0, "offsetY": -1.0, "offsetZ": 0.0, "rotationX": 0.0, "rotationY": 0.0, "rotationZ": 2.0 },
						"neck": { "offsetX": 0.0, "offsetY": 0.0, "offsetZ": 0.0, "rotationX": 0.0, "rotationY": 0.0, "rotationZ": 0.0 },
						"R ear": { "offsetX": 0.0, "offsetY": 0.0, "offsetZ": 0.0, "rotationX": 0.0, "rotationY": 0.0, "rotationZ": -11.25 },
						"L eat": { "offsetX": 0.0, "offsetY": 0.0, "offsetZ": 0.0, "rotationX": 0.0, "rotationY": 0.0, "rotationZ": -11.25 },
						"R front leg": { "offsetX": 1.32, "offsetY": 0.0, "offsetZ": 0.0, "rotationX": 0.0, "rotationY": 0.0, "rotationZ": 15.0 },
						"R front feet": { "offsetX": 0.0, "offsetY": 0.0, "offsetZ": 0.0, "rotationX": 2.0, "rotationY": 0.0, "rotationZ": -50.0 },
						"L front leg": { "offsetX": 1.32, "offsetY": 0.0, "offsetZ": 0.0, "rotationX": -2.0, "rotationY": 0.0, "rotationZ": 6.0 },
						"L front feet": { "offsetX": 0.0, "offsetY": -1.320000081062318, "offsetZ": 0.0, "rotationX": 0.0, "rotationY": 0.0, "rotationZ": -45.0 },
						"body3": { "rotationX": 0.0, "rotationY": 0.0, "rotationZ": -3.0 }
					}
				}
			]
		},

		{
			"name": "Attack",
			"code": "attack",
			"quantityframes": 70,
			"onActivityStopped": "Stop",
			"onAnimationEnd": "Stop",
			"keyframes": [
				{
					"frame": 0,
					"elements": {
						"body": { "offsetX": 0.0, "offsetY": 0.0, "offsetZ": 0.0, "rotationX": 0.0, "rotationY": 0.0, "rotationZ": 0.0 },
						"neck": { "offsetX": 0.0, "offsetY": 0.0, "offsetZ": 0.0, "rotationX": 0.0, "rotationY": 0.0, "rotationZ": 0.0 },
						"L front leg": { "offsetX": 0.0, "offsetY": 0.0, "offsetZ": 0.0, "rotationX": 0.0, "rotationY": 0.0, "rotationZ": 0.0 },
						"L front feet": { "offsetX": 0.0, "offsetY": 0.0, "offsetZ": 0.0, "rotationX": 0.0, "rotationY": 0.0, "rotationZ": 0.0 },
						"R front leg": { "offsetX": 0.0, "offsetY": 0.0, "offsetZ": 0.0, "rotationX": 0.0, "rotationY": 0.0, "rotationZ": 0.0 },
						"R front feet": { "offsetX": 0.0, "offsetY": 0.0, "offsetZ": 0.0, "rotationX": 0.0, "rotationY": 0.0, "rotationZ": 0.0 }
					}
				},
				{
					"frame": 13,
					"elements": {
						"body": { "offsetX": 1.0, "offsetY": 1.5, "offsetZ": 0.0, "rotationX": 4.0, "rotationY": -3.0, "rotationZ": 0.0 },
						"neck": { "offsetX": 0.0, "offsetY": 0.0, "offsetZ": 0.0, "rotationX": 8.0, "rotationY": -6.0, "rotationZ": 14.0 },
						"jaw": { "offsetX": 0.0, "offsetY": 0.0, "offsetZ": 0.0, "rotationX": 0.0, "rotationY": 0.0, "rotationZ": 0.0 },
						"R ear": { "offsetX": 0.0, "offsetY": 0.0, "offsetZ": 0.0, "rotationX": 0.0, "rotationY": 0.0, "rotationZ": 0.0 },
						"L eat": { "offsetX": 0.0, "offsetY": 0.0, "offsetZ": 0.0, "rotationX": 0.0, "rotationY": 0.0, "rotationZ": 0.0 },
						"R front leg": { "offsetX": 0.0, "offsetY": 0.0, "offsetZ": 0.0, "rotationX": 5.0, "rotationY": -5.0, "rotationZ": 10.0 },
						"R front feet": { "offsetX": 0.0, "offsetY": 0.0, "offsetZ": 0.0, "rotationX": 0.0, "rotationY": 0.0, "rotationZ": -40.0 },
						"L front leg": { "offsetX": 0.660000040531159, "offsetY": 0.660000040531159, "offsetZ": 0.0, "rotationX": -20.0, "rotationY": 5.0, "rotationZ": 4.0 },
						"L front feet": { "offsetX": 0.0, "offsetY": 0.660000040531159, "offsetZ": 0.0, "rotationX": 0.0, "rotationY": 0.0, "rotationZ": -40.0 }
					}
				},
				{
					"frame": 24,
					"elements": {
						"body": { "offsetX": -2.0, "offsetY": 1.0, "offsetZ": 0.0, "rotationX": 8.0, "rotationY": 6.0, "rotationZ": -7.0 },
						"neck": { "offsetX": 0.0, "offsetY": 0.0, "offsetZ": 0.0, "rotationX": 14.0, "rotationY": 10.0, "rotationZ": -22.0 },
						"jaw": { "offsetX": 0.0, "offsetY": 0.0, "offsetZ": 0.0, "rotationX": 0.0, "rotationY": 0.0, "rotationZ": 30.0 },
						"R ear": { "offsetX": 0.0, "offsetY": 0.0, "offsetZ": 0.0, "rotationX": 0.0, "rotationY": 0.0, "rotationZ": -40.0 },
						"L eat": { "offsetX": 0.0, "offsetY": 0.0, "offsetZ": 0.0, "rotationX": 0.0, "rotationY": 0.0, "rotationZ": -40.0 },
						"R front leg": { "offsetX": 0.0, "offsetY": -1.320000081062318, "offsetZ": 0.0, "rotationX": -10.0, "rotationY": 0.0, "rotationZ": 30.0 },
						"R front feet": { "offsetX": 0.0, "offsetY": 0.0, "offsetZ": 0.0, "rotationX": 0.0, "rotationY": 0.0, "rotationZ": 0.0 },
						"L front leg": { "offsetX": 0.0, "offsetY": 0.0, "offsetZ": 0.0, "rotationX": -10.0, "rotationY": 0.0, "rotationZ": 30.0 },
						"L front feet": { "offsetX": 0.0, "offsetY": 0.660000040531159, "offsetZ": 0.0, "rotationX": 0.0, "rotationY": 0.0, "rotationZ": 0.0 }
					}
				},
				{
					"frame": 40,
					"elements": {
						"body": { "offsetX": -3.0, "offsetY": -1.0, "offsetZ": 0.0, "rotationX": 4.0, "rotationY": 8.0, "rotationZ": 4.0 },
						"neck": { "offsetX": 0.0, "offsetY": 0.0, "offsetZ": 0.0, "rotationX": 8.0, "rotationY": 6.0, "rotationZ": 4.0 },
						"R front leg": { "offsetX": 0.660000040531159, "offsetY": 0.0, "offsetZ": 0.0, "rotationX": 0.0, "rotationY": -5.0, "rotationZ": 10.0 },
						"R front feet": { "offsetX": 0.0, "offsetY": 0.0, "offsetZ": 0.0, "rotationX": 0.0, "rotationY": 0.0, "rotationZ": -25.0 },
						"L front leg": { "offsetX": 0.660000040531159, "offsetY": 0.660000040531159, "offsetZ": 0.0, "rotationX": -20.0, "rotationY": 5.0, "rotationZ": 0.0 },
						"L front feet": { "offsetX": 0.0, "offsetY": 0.660000040531159, "offsetZ": 0.0, "rotationX": 0.0, "rotationY": 0.0, "rotationZ": -30.0 }
					}
				}
			]
		},

		{
			"name": "Death",
			"code": "death",
			"quantityframes": 40,
			"onActivityStopped": "Stop",
			"onAnimationEnd": "Hold",
			"keyframes": [
				{
					"frame": 0,
					"elements": {
						"body": { "rotationX": 0.0, "rotationY": 0.0, "rotationZ": 0.0 },
						"neck": { "offsetX": 0.0, "offsetY": 0.0, "offsetZ": 0.0, "rotationX": 0.0, "rotationY": 0.0, "rotationZ": 0.0 },
						"R ear": { "offsetX": 0.0, "offsetY": 0.0, "offsetZ": 0.0, "rotationX": 0.0, "rotationY": 0.0, "rotationZ": 0.0 },
						"L eat": { "offsetX": 0.0, "offsetY": 0.0, "offsetZ": 0.0, "rotationX": 0.0, "rotationY": 0.0, "rotationZ": 0.0 },
						"R front leg": { "offsetX": 0.0, "offsetY": 0.0, "offsetZ": 0.0, "rotationX": 0.0, "rotationY": 0.0, "rotationZ": 0.0 },
						"R front feet": { "offsetX": 0.0, "offsetY": 0.0, "offsetZ": 0.0, "rotationX": 0.0, "rotationY": 0.0, "rotationZ": 0.0 },
						"L front leg": { "offsetX": 0.0, "offsetY": 0.0, "offsetZ": 0.0, "rotationX": 0.0, "rotationY": 0.0, "rotationZ": 0.0 },
						"L front feet": { "offsetX": 0.0, "offsetY": 0.0, "offsetZ": 0.0, "rotationX": 0.0, "rotationY": 0.0, "rotationZ": 0.0 },
						"jaw": { "offsetX": 0.0, "offsetY": 0.0, "offsetZ": 0.0, "rotationX": 0.0, "rotationY": 0.0, "rotationZ": 0.0 },
						"head": { "rotationX": 0.0, "rotationY": 0.0, "rotationZ": 0.0 },
						"jaw2": { "rotationX": 0.0, "rotationY": 0.0, "rotationZ": 0.0 }
					}
				},
				{
					"frame": 20,
					"elements": {
						"body": { "rotationX": 0.0, "rotationY": 0.0, "rotationZ": 0.0 },
						"neck": { "offsetX": 0.0, "offsetY": 0.0, "offsetZ": 0.0, "rotationX": -4.0, "rotationY": 6.0, "rotationZ": 30.0 },
						"jaw": { "offsetX": 0.0, "offsetY": 0.0, "offsetZ": 0.0, "rotationX": 0.0, "rotationY": 0.0, "rotationZ": 20.0 },
						"R ear": { "offsetX": 0.0, "offsetY": 0.0, "offsetZ": 0.0, "rotationX": 0.0, "rotationY": 0.0, "rotationZ": 0.0 },
						"L eat": { "offsetX": 0.0, "offsetY": 0.0, "offsetZ": 0.0, "rotationX": 0.0, "rotationY": 0.0, "rotationZ": 0.0 },
						"R front leg": { "offsetX": 0.0, "offsetY": 0.0, "offsetZ": 0.0, "rotationX": 10.0, "rotationY": 6.0, "rotationZ": 8.0 },
						"R front feet": { "offsetX": 0.0, "offsetY": 0.0, "offsetZ": 0.0, "rotationX": 0.0, "rotationY": 0.0, "rotationZ": -30.0 },
						"L front leg": { "offsetX": 0.0, "offsetY": 1.32, "offsetZ": 0.0, "rotationX": 0.0, "rotationY": 22.5, "rotationZ": -6.0 },
						"L front feet": { "offsetX": 0.0, "offsetY": 0.0, "offsetZ": 0.0, "rotationX": 0.0, "rotationY": 0.0, "rotationZ": -20.0 },
						"head": { "rotationX": 0.0, "rotationY": 0.0, "rotationZ": 25.0 },
						"jaw2": { "rotationX": 0.0, "rotationY": 42.0, "rotationZ": 14.0 }
					}
				},
				{
					"frame": 39,
					"elements": {
						"body": { "rotationX": 0.0, "rotationY": 0.0, "rotationZ": 0.0 },
						"neck": { "offsetX": 0.0, "offsetY": 0.0, "offsetZ": 0.0, "rotationX": -4.0, "rotationY": 6.0, "rotationZ": 30.0 },
						"head": { "rotationX": 0.0, "rotationY": 0.0, "rotationZ": 25.0 },
						"jaw": { "offsetX": 0.0, "offsetY": 0.0, "offsetZ": 0.0, "rotationX": 0.0, "rotationY": 0.0, "rotationZ": 20.0 },
						"R ear": { "offsetX": 0.0, "offsetY": 0.0, "offsetZ": 0.0, "rotationX": 0.0, "rotationY": 0.0, "rotationZ": 0.0 },
						"L eat": { "offsetX": 0.0, "offsetY": 0.0, "offsetZ": 0.0, "rotationX": 0.0, "rotationY": 0.0, "rotationZ": 0.0 },
						"R front leg": { "offsetX": 0.0, "offsetY": 0.0, "offsetZ": 0.0, "rotationX": 10.0, "rotationY": 6.0, "rotationZ": 8.0 },
						"R front feet": { "offsetX": 0.0, "offsetY": 0.0, "offsetZ": 0.0, "rotationX": 0.0, "rotationY": 0.0, "rotationZ": -30.0 },
						"L front leg": { "offsetX": 0.0, "offsetY": 1.32, "offsetZ": 0.0, "rotationX": 0.0, "rotationY": 22.5, "rotationZ": -6.0 },
						"L front feet": { "offsetX": 0.0, "offsetY": 0.0, "offsetZ": 0.0, "rotationX": 0.0, "rotationY": 0.0, "rotationZ": -20.0 },
						"jaw2": { "rotationX": 0.0, "rotationY": 42.0, "rotationZ": 14.0 }
					}
				}
			]
		},

		{
			"name": "Hurt",
			"code": "hurt",
			"quantityframes": 30,
			"onActivityStopped": "PlayTillEnd",
			"onAnimationEnd": "Stop",
			"keyframes": [
				{
					"frame": 0,
					"elements": {
						"body": { "offsetX": 0.0, "offsetY": 0.0, "offsetZ": 0.0, "rotationX": 0.0, "rotationY": 0.0, "rotationZ": 0.0 },
						"neck": { "offsetX": 0.0, "offsetY": 0.0, "offsetZ": 0.0, "rotationX": 0.0, "rotationY": 0.0, "rotationZ": 0.0 },
						"R ear": { "rotationX": 0.0, "rotationY": 0.0, "rotationZ": 0.0 },
						"L eat": { "rotationX": 0.0, "rotationY": 0.0, "rotationZ": 0.0 },
						"R front leg": { "offsetX": 0.0, "offsetY": 0.0, "offsetZ": 0.0, "rotationX": 0.0, "rotationY": 0.0, "rotationZ": 0.0 },
						"R front feet": { "offsetX": 0.0, "offsetY": 0.0, "offsetZ": 0.0, "rotationX": 0.0, "rotationY": 0.0, "rotationZ": 0.0 },
						"L front leg": { "offsetX": 0.0, "offsetY": 0.0, "offsetZ": 0.0, "rotationX": 0.0, "rotationY": 0.0, "rotationZ": 0.0 },
						"L front feet": { "offsetX": 0.0, "offsetY": 0.0, "offsetZ": 0.0, "rotationX": 0.0, "rotationY": 0.0, "rotationZ": 0.0 },
						"jaw": { "rotationX": 0.0, "rotationY": 0.0, "rotationZ": 0.0 }
					}
				},
				{
					"frame": 6,
					"elements": {
						"body": { "offsetX": 0.0, "offsetY": 0.1, "offsetZ": 0.0, "rotationX": 0.0, "rotationY": 0.0, "rotationZ": 0.0 },
						"neck": { "offsetX": 0.0, "offsetY": 0.0, "offsetZ": 0.0, "rotationX": -2.0, "rotationY": -3.0, "rotationZ": -5.0 },
						"jaw": { "rotationX": 0.0, "rotationY": 0.0, "rotationZ": 10.0 },
						"R ear": { "rotationX": 0.0, "rotationY": 0.0, "rotationZ": -30.0 },
						"L eat": { "rotationX": 0.0, "rotationY": 0.0, "rotationZ": -30.0 },
						"R front leg": { "offsetX": 1.320000081062318, "offsetY": 1.320000081062318, "offsetZ": 0.0, "rotationX": 0.0, "rotationY": 0.0, "rotationZ": 0.0 },
						"R front feet": { "offsetX": 0.0, "offsetY": 0.0, "offsetZ": 0.0, "rotationX": 0.0, "rotationY": 0.0, "rotationZ": -10.0 },
						"L front leg": { "offsetX": 1.320000081062318, "offsetY": 1.320000081062318, "offsetZ": 0.0, "rotationX": 0.0, "rotationY": 0.0, "rotationZ": 0.0 },
						"L front feet": { "offsetX": 0.0, "offsetY": 0.0, "offsetZ": 0.0, "rotationX": 0.0, "rotationY": 0.0, "rotationZ": -10.0 }
					}
				}
			]
		}
	]
}