{
	"editor": {
		"collapsedPaths": "Root/LowerTorso/UpperTorso/Neck,Root/UpperArmL10,Root/Head,Root/Spine2/Spine/Head,Root/LowerTorso2,Root/origin,Root/LowerTorso/UpperTorso/UpperArmR10,Root/LowerTorso7,Root/LowerTorso9,Root/UpperArmL,Root/LowerTorso15,Root/Spine2/Ribs,Root/LowerTorso/UpperTorso/UpperArmR8,Root/UpperArmR2",
		"allAngles": true,
		"entityTextureMode": false
	},
	"textureWidth": 64,
	"textureHeight": 64,
	"textureSizes": {
		"seraph": [64,64]
	},
	"textures": {
		"seraph": "entity/rotten/rotcrawler/rotcrawler"
	},
	"elements": [
		{
			"name": "Spine2",
			"from": [ 5.0, 4.0, 7.8 ],
			"to": [ 6.6, 8.6, 9.6 ],
			"rotationOrigin": [ 7.0, 4.0, 10.8 ],
			"rotationZ": 90.0,
			"faces": {
				"north": { "texture": "#seraph", "uv": [ 41.0, 7.5, 42.5, 12.0 ] },
				"east": { "texture": "#seraph", "uv": [ 42.5, 7.5, 44.0, 12.0 ] },
				"south": { "texture": "#seraph", "uv": [ 44.0, 7.5, 45.5, 12.0 ] },
				"west": { "texture": "#seraph", "uv": [ 45.5, 7.5, 47.0, 12.0 ] },
				"up": { "texture": "#seraph", "uv": [ 41.0, 6.0, 42.5, 7.5 ], "rotation": 90 },
				"down": { "texture": "#seraph", "uv": [ 42.5, 6.0, 44.0, 7.5 ], "rotation": 90 }
			},
			"children": [
				{
					"name": "Spine",
					"from": [ 0.0, 3.7, 0.0 ],
					"to": [ 1.6, 9.3, 1.8 ],
					"rotationOrigin": [ 2.0, 3.7, 3.0 ],
					"rotationZ": -10.0,
					"faces": {
						"north": { "texture": "#seraph", "uv": [ 40.5, 7.0, 42.0, 12.5 ] },
						"east": { "texture": "#seraph", "uv": [ 42.0, 7.0, 43.5, 12.5 ] },
						"south": { "texture": "#seraph", "uv": [ 43.5, 7.0, 45.0, 12.5 ] },
						"west": { "texture": "#seraph", "uv": [ 45.0, 7.0, 46.5, 12.5 ] },
						"up": { "texture": "#seraph", "uv": [ 40.5, 5.5, 42.0, 7.0 ], "rotation": 90 },
						"down": { "texture": "#seraph", "uv": [ 42.0, 5.5, 43.5, 7.0 ], "rotation": 90 }
					},
					"children": [
						{
							"name": "UpperArmL",
							"from": [ -1.3007, -2.8616, 3.7 ],
							"to": [ 0.1993, 5.3384, 5.0 ],
							"rotationOrigin": [ -0.3007, 3.9384, 3.5 ],
							"rotationX": -43.054,
							"rotationY": 59.568,
							"rotationZ": -103.662,
							"faces": {
								"north": { "texture": "#seraph", "uv": [ 57.0, 30.0, 58.5, 38.0 ] },
								"east": { "texture": "#seraph", "uv": [ 58.5, 30.0, 59.5, 38.0 ] },
								"south": { "texture": "#seraph", "uv": [ 59.5, 30.0, 61.0, 38.0 ] },
								"west": { "texture": "#seraph", "uv": [ 61.0, 30.0, 62.0, 38.0 ] },
								"up": { "texture": "#seraph", "uv": [ 57.0, 28.5, 58.0, 30.0 ], "rotation": 90 },
								"down": { "texture": "#seraph", "uv": [ 58.0, 28.5, 59.0, 30.0 ], "rotation": 90 }
							},
							"children": [
								{
									"name": "UpperArmL10",
									"from": [ 0.95, -8.28, 0.16 ],
									"to": [ 1.65, 0.72, 0.86 ],
									"rotationOrigin": [ 0.9534, 0.5237, 0.4644 ],
									"rotationX": -15.851,
									"rotationY": -14.81,
									"rotationZ": -44.141,
									"faces": {
										"north": { "texture": "#seraph", "uv": [ 53.5, 29.0, 54.0, 38.0 ] },
										"east": { "texture": "#seraph", "uv": [ 54.0, 29.0, 54.5, 38.0 ] },
										"south": { "texture": "#seraph", "uv": [ 54.5, 29.0, 55.0, 38.0 ] },
										"west": { "texture": "#seraph", "uv": [ 55.0, 29.0, 55.5, 38.0 ] },
										"up": { "texture": "#seraph", "uv": [ 53.5, 28.5, 54.0, 29.0 ], "rotation": 90 },
										"down": { "texture": "#seraph", "uv": [ 54.0, 28.5, 54.5, 29.0 ], "rotation": 90 }
									},
									"children": [
										{
											"name": "UpperArmR11",
											"from": [ -0.9878, 0.2499, 0.4146 ],
											"to": [ -0.2878, 9.2499, 1.1146 ],
											"rotationOrigin": [ -0.9878, 9.0499, 0.7146 ],
											"faces": {
												"north": { "texture": "#seraph", "uv": [ 50.5, 29.0, 51.0, 38.0 ] },
												"east": { "texture": "#seraph", "uv": [ 51.0, 29.0, 51.5, 38.0 ] },
												"south": { "texture": "#seraph", "uv": [ 51.5, 29.0, 52.0, 38.0 ] },
												"west": { "texture": "#seraph", "uv": [ 52.0, 29.0, 52.5, 38.0 ] },
												"up": { "texture": "#seraph", "uv": [ 50.5, 28.5, 51.0, 29.0 ], "rotation": 90 },
												"down": { "texture": "#seraph", "uv": [ 51.0, 28.5, 51.5, 29.0 ], "rotation": 90 }
											}
										}
									]
								}
							]
						},
						{
							"name": "UpperArmR2",
							"from": [ -1.3007, -2.8616, -3.9 ],
							"to": [ 0.1993, 5.3384, -2.6 ],
							"rotationOrigin": [ -0.3007, 3.9384, -1.9 ],
							"rotationX": 35.034,
							"rotationY": -62.745,
							"rotationZ": -110.692,
							"faces": {
								"north": { "texture": "#seraph", "uv": [ 56.0, 29.0, 57.5, 37.0 ] },
								"east": { "texture": "#seraph", "uv": [ 57.5, 29.0, 58.5, 37.0 ] },
								"south": { "texture": "#seraph", "uv": [ 58.5, 29.0, 60.0, 37.0 ] },
								"west": { "texture": "#seraph", "uv": [ 60.0, 29.0, 61.0, 37.0 ] },
								"up": { "texture": "#seraph", "uv": [ 56.0, 27.5, 57.0, 29.0 ], "rotation": 90 },
								"down": { "texture": "#seraph", "uv": [ 57.0, 27.5, 58.0, 29.0 ], "rotation": 90 }
							},
							"children": [
								{
									"name": "LowerArmR",
									"from": [ 0.93, -8.03, 0.27 ],
									"to": [ 1.63, 0.97, 0.97 ],
									"rotationOrigin": [ 0.9303, 0.77, 0.573 ],
									"rotationZ": -20.0,
									"faces": {
										"north": { "texture": "#seraph", "uv": [ 58.5, 28.5, 59.0, 37.5 ] },
										"east": { "texture": "#seraph", "uv": [ 59.0, 28.5, 59.5, 37.5 ] },
										"south": { "texture": "#seraph", "uv": [ 59.5, 28.5, 60.0, 37.5 ] },
										"west": { "texture": "#seraph", "uv": [ 60.0, 28.5, 60.5, 37.5 ] },
										"up": { "texture": "#seraph", "uv": [ 58.5, 28.0, 59.0, 28.5 ], "rotation": 90 },
										"down": { "texture": "#seraph", "uv": [ 59.0, 28.0, 59.5, 28.5 ], "rotation": 90 }
									},
									"children": [
										{
											"name": "UpperArmR9",
											"from": [ -0.9878, 0.2499, 0.4146 ],
											"to": [ -0.2878, 9.2499, 1.1146 ],
											"rotationOrigin": [ -0.9878, 9.0499, 0.7146 ],
											"faces": {
												"north": { "texture": "#seraph", "uv": [ 57.5, 28.0, 58.0, 37.0 ] },
												"east": { "texture": "#seraph", "uv": [ 58.0, 28.0, 58.5, 37.0 ] },
												"south": { "texture": "#seraph", "uv": [ 58.5, 28.0, 59.0, 37.0 ] },
												"west": { "texture": "#seraph", "uv": [ 59.0, 28.0, 59.5, 37.0 ] },
												"up": { "texture": "#seraph", "uv": [ 57.5, 27.5, 58.0, 28.0 ], "rotation": 90 },
												"down": { "texture": "#seraph", "uv": [ 58.0, 27.5, 58.5, 28.0 ], "rotation": 90 }
											}
										}
									]
								}
							]
						},
						{
							"name": "origin",
							"from": [ 0.7726, 4.6576, 0.2 ],
							"to": [ 0.7726, 4.6576, 0.2 ],
							"rotationOrigin": [ 0.7726, 4.6576, 0.2 ],
							"rotationX": 0.0,
							"rotationY": 0.0,
							"rotationZ": -66.0,
							"faces": {
							},
							"children": [
								{
									"name": "skull",
									"from": [ -2.2, -0.33, -2.05 ],
									"to": [ 3.3, 5.17, 3.572 ],
									"rotationOrigin": [ 0.0, 1.32, 0.7 ],
									"rotationZ": -4.0,
									"faces": {
										"north": { "texture": "#seraph", "uv": [ 13.0, 7.0, 18.5, 12.5 ] },
										"east": { "texture": "#seraph", "uv": [ 15.5, 6.5, 21.0, 12.0 ] },
										"south": { "texture": "#seraph", "uv": [ 14.0, 7.5, 19.5, 13.0 ] },
										"west": { "texture": "#seraph", "uv": [ 5.6, 8.0, 11.5, 13.5 ], "autoUv": false },
										"up": { "texture": "#seraph", "uv": [ 14.5, 10.5, 20.0, 16.0 ], "rotation": 90 }
									},
									"children": [
										{
											"name": "inside skull",
											"from": [ 0.11, 0.49, 0.011 ],
											"to": [ 5.39, 4.29, 5.511 ],
											"rotationOrigin": [ 0.11, -0.05, -0.22 ],
											"faces": {
												"north": { "texture": "#seraph", "uv": [ 4.0, 57.5, 9.0, 61.0 ] },
												"east": { "texture": "#seraph", "uv": [ 6.0, 58.5, 11.5, 62.0 ] },
												"south": { "texture": "#seraph", "uv": [ 14.0, 57.5, 19.0, 61.0 ] },
												"west": { "texture": "#seraph", "uv": [ 14.5, 56.0, 20.0, 59.5 ], "windMode": [-1,-1,-1,-1] },
												"up": { "texture": "#seraph", "uv": [ 4.0, 57.0, 9.0, 62.5 ] }
											}
										},
										{
											"name": "tumor1",
											"from": [ 3.85, 3.85, -0.55 ],
											"to": [ 6.05, 6.05, 1.65 ],
											"rotationOrigin": [ 4.95, 3.85, 0.55 ],
											"faces": {
												"north": { "texture": "#seraph", "uv": [ 0.5, 3.5, 2.7, 5.7 ] },
												"east": { "texture": "#seraph", "uv": [ 0.0, 0.0, 2.2, 2.2 ] },
												"south": { "texture": "#seraph", "uv": [ 8.0, 4.0, 10.2, 6.2 ] },
												"west": { "texture": "#seraph", "uv": [ 9.0, 11.0, 11.2, 13.2 ] },
												"up": { "texture": "#seraph", "uv": [ 1.5, 1.0, 3.7, 3.2 ] },
												"down": { "texture": "#seraph", "uv": [ 1.5, 7.5, 3.7, 9.7 ] }
											}
										},
										{
											"name": "tumor2",
											"from": [ 0.55, 4.95, 2.75 ],
											"to": [ 2.75, 6.6, 4.95 ],
											"rotationOrigin": [ 1.65, 4.95, 3.85 ],
											"faces": {
												"north": { "texture": "#seraph", "uv": [ 2.5, 13.0, 4.7, 14.65 ] },
												"east": { "texture": "#seraph", "uv": [ 10.0, 7.5, 12.2, 9.15 ] },
												"south": { "texture": "#seraph", "uv": [ 13.5, 10.5, 15.7, 12.15 ] },
												"west": { "texture": "#seraph", "uv": [ 11.5, 7.0, 13.7, 8.65 ] },
												"up": { "texture": "#seraph", "uv": [ 10.0, 8.5, 12.2, 10.7 ] },
												"down": { "texture": "#seraph", "uv": [ 13.5, 3.5, 15.7, 5.7 ] }
											}
										},
										{
											"name": "tumor3",
											"from": [ -0.55, 3.3, 4.4 ],
											"to": [ 0.55, 4.4, 5.5 ],
											"rotationOrigin": [ 0.0, 3.3, 4.95 ],
											"faces": {
												"north": { "texture": "#seraph", "uv": [ 12.0, 7.0, 13.1, 8.1 ] },
												"east": { "texture": "#seraph", "uv": [ 12.0, 6.5, 13.1, 7.6 ] },
												"south": { "texture": "#seraph", "uv": [ 12.5, 8.5, 13.6, 9.6 ] },
												"west": { "texture": "#seraph", "uv": [ 7.5, 10.0, 8.6, 11.1 ] },
												"up": { "texture": "#seraph", "uv": [ 8.5, 7.5, 9.6, 8.6 ] },
												"down": { "texture": "#seraph", "uv": [ 11.5, 4.5, 12.6, 5.6 ] }
											}
										},
										{
											"name": "tumor4",
											"from": [ 2.75, 3.3, -1.1 ],
											"to": [ 4.4, 4.95, 0.55 ],
											"rotationOrigin": [ 3.85, 3.3, 0.0 ],
											"faces": {
												"north": { "texture": "#seraph", "uv": [ 0.5, 3.5, 2.15, 5.15 ] },
												"east": { "texture": "#seraph", "uv": [ 0.0, 0.0, 1.65, 1.65 ] },
												"south": { "texture": "#seraph", "uv": [ 9.0, 5.0, 10.65, 6.65 ] },
												"west": { "texture": "#seraph", "uv": [ 9.0, 11.0, 10.65, 12.65 ] },
												"up": { "texture": "#seraph", "uv": [ 1.5, 1.0, 3.15, 2.65 ] },
												"down": { "texture": "#seraph", "uv": [ 1.5, 7.5, 3.15, 9.15 ] }
											}
										},
										{
											"name": "tumor5",
											"from": [ 4.18, 4.62, 0.55 ],
											"to": [ 5.83, 6.27, 2.2 ],
											"rotationOrigin": [ 4.95, 4.95, 1.65 ],
											"faces": {
												"north": { "texture": "#seraph", "uv": [ 10.5, 11.5, 12.15, 13.15 ] },
												"east": { "texture": "#seraph", "uv": [ 11.0, 6.0, 12.65, 7.65 ] },
												"south": { "texture": "#seraph", "uv": [ 12.5, 6.0, 14.15, 7.65 ] },
												"west": { "texture": "#seraph", "uv": [ 11.0, 3.0, 12.65, 4.65 ] },
												"up": { "texture": "#seraph", "uv": [ 11.0, 5.0, 12.65, 6.65 ] },
												"down": { "texture": "#seraph", "uv": [ 11.0, 8.5, 12.65, 10.15 ] }
											}
										},
										{
											"name": "tumor6",
											"from": [ 0.55, 4.95, 0.55 ],
											"to": [ 1.65, 6.05, 1.65 ],
											"rotationOrigin": [ 1.1, 4.95, 1.1 ],
											"faces": {
												"north": { "texture": "#seraph", "uv": [ 10.5, 10.0, 11.6, 11.1 ] },
												"east": { "texture": "#seraph", "uv": [ 12.0, 6.0, 13.1, 7.1 ] },
												"south": { "texture": "#seraph", "uv": [ 12.0, 7.5, 13.1, 8.6 ] },
												"west": { "texture": "#seraph", "uv": [ 11.0, 3.5, 12.1, 4.6 ] },
												"up": { "texture": "#seraph", "uv": [ 12.0, 6.0, 13.1, 7.1 ] },
												"down": { "texture": "#seraph", "uv": [ 11.0, 8.5, 12.1, 9.6 ] }
											}
										},
										{
											"name": "tumor7",
											"from": [ 3.3, 2.75, -0.55 ],
											"to": [ 3.85, 3.3, 0.0 ],
											"rotationOrigin": [ 3.3, 2.75, -0.55 ],
											"faces": {
												"north": { "texture": "#seraph", "uv": [ 0.5, 3.5, 1.05, 4.05 ] },
												"east": { "texture": "#seraph", "uv": [ 0.0, 0.0, 0.55, 0.55 ] },
												"west": { "texture": "#seraph", "uv": [ 9.0, 11.0, 9.55, 11.55 ] },
												"down": { "texture": "#seraph", "uv": [ 1.5, 7.5, 2.05, 8.05 ] }
											}
										},
										{
											"name": "tumor8",
											"from": [ 2.2, 3.85, -0.55 ],
											"to": [ 2.75, 4.4, 0.0 ],
											"rotationOrigin": [ 2.2, 3.85, -0.55 ],
											"faces": {
												"north": { "texture": "#seraph", "uv": [ 0.5, 3.5, 1.05, 4.05 ] },
												"west": { "texture": "#seraph", "uv": [ 9.0, 11.0, 9.55, 11.55 ] },
												"up": { "texture": "#seraph", "uv": [ 1.5, 1.0, 2.05, 1.55 ] },
												"down": { "texture": "#seraph", "uv": [ 1.5, 7.5, 2.05, 8.05 ] }
											}
										},
										{
											"name": "tumor9",
											"from": [ 3.3, 4.95, -0.55 ],
											"to": [ 3.85, 5.5, 0.0 ],
											"rotationOrigin": [ 3.3, 4.95, -0.55 ],
											"faces": {
												"north": { "texture": "#seraph", "uv": [ 0.5, 3.5, 1.05, 4.05 ] },
												"west": { "texture": "#seraph", "uv": [ 9.0, 11.0, 9.55, 11.55 ] },
												"up": { "texture": "#seraph", "uv": [ 1.5, 1.0, 2.05, 1.55 ] }
											}
										},
										{
											"name": "tumor10",
											"from": [ 5.5, 3.3, 0.55 ],
											"to": [ 6.05, 3.85, 1.1 ],
											"rotationOrigin": [ 5.5, 3.3, 0.55 ],
											"faces": {
												"north": { "texture": "#seraph", "uv": [ 0.5, 3.5, 1.05, 4.05 ] },
												"east": { "texture": "#seraph", "uv": [ 0.0, 0.0, 0.55, 0.55 ], "windMode": [-1,-1,-1,-1] },
												"south": { "texture": "#seraph", "uv": [ 8.0, 4.0, 8.55, 4.55 ], "windMode": [-1,-1,-1,-1] },
												"down": { "texture": "#seraph", "uv": [ 1.5, 7.5, 2.05, 8.05 ] }
											}
										},
										{
											"name": "tumor11",
											"from": [ 6.05, 4.4, 0.55 ],
											"to": [ 6.6, 4.95, 1.1 ],
											"rotationOrigin": [ 6.05, 4.4, 0.55 ],
											"faces": {
												"north": { "texture": "#seraph", "uv": [ 0.5, 3.5, 1.05, 4.05 ] },
												"east": { "texture": "#seraph", "uv": [ 0.0, 0.0, 0.55, 0.55 ] },
												"south": { "texture": "#seraph", "uv": [ 8.0, 4.0, 8.55, 4.55 ] },
												"up": { "texture": "#seraph", "uv": [ 1.5, 1.0, 2.05, 1.55 ], "windMode": [-1,-1,-1,-1] },
												"down": { "texture": "#seraph", "uv": [ 1.5, 7.5, 2.05, 8.05 ] }
											}
										},
										{
											"name": "tumor12",
											"from": [ 1.1, 1.65, -0.55 ],
											"to": [ 1.65, 2.2, 0.0 ],
											"rotationOrigin": [ 1.1, 1.65, -0.55 ],
											"faces": {
												"north": { "texture": "#seraph", "uv": [ 0.5, 3.5, 1.05, 4.05 ] },
												"east": { "texture": "#seraph", "uv": [ 0.0, 0.0, 0.55, 0.55 ] },
												"west": { "texture": "#seraph", "uv": [ 9.0, 11.0, 9.55, 11.55 ] },
												"up": { "texture": "#seraph", "uv": [ 1.5, 1.0, 2.05, 1.55 ], "windMode": [-1,-1,-1,-1] },
												"down": { "texture": "#seraph", "uv": [ 1.5, 7.5, 2.05, 8.05 ] }
											}
										},
										{
											"name": "tumor13",
											"from": [ 0.55, 3.3, -0.55 ],
											"to": [ 1.1, 3.85, 0.0 ],
											"rotationOrigin": [ 0.55, 3.3, -0.55 ],
											"faces": {
												"north": { "texture": "#seraph", "uv": [ 0.5, 3.5, 1.05, 4.05 ] },
												"east": { "texture": "#seraph", "uv": [ 0.0, 0.0, 0.55, 0.55 ] },
												"west": { "texture": "#seraph", "uv": [ 9.0, 11.0, 9.55, 11.55 ] },
												"up": { "texture": "#seraph", "uv": [ 1.5, 1.0, 2.05, 1.55 ] },
												"down": { "texture": "#seraph", "uv": [ 1.5, 7.5, 2.05, 8.05 ] }
											}
										},
										{
											"name": "tumor14",
											"from": [ 3.3, 5.5, 0.55 ],
											"to": [ 3.85, 6.05, 1.1 ],
											"rotationOrigin": [ 3.3, 5.5, 0.55 ],
											"faces": {
												"north": { "texture": "#seraph", "uv": [ 10.0, 12.5, 10.55, 13.05 ] },
												"south": { "texture": "#seraph", "uv": [ 8.0, 4.0, 8.55, 4.55 ], "windMode": [-1,-1,-1,-1] },
												"west": { "texture": "#seraph", "uv": [ 9.0, 11.0, 9.55, 11.55 ] },
												"up": { "texture": "#seraph", "uv": [ 1.5, 1.0, 2.05, 1.55 ] }
											}
										},
										{
											"name": "tumor15",
											"from": [ 0.0, 5.5, 1.65 ],
											"to": [ 0.55, 6.05, 2.2 ],
											"rotationOrigin": [ 0.0, 5.5, 1.65 ],
											"faces": {
												"north": { "texture": "#seraph", "uv": [ 10.0, 12.5, 10.55, 13.05 ] },
												"east": { "texture": "#seraph", "uv": [ 0.0, 0.0, 0.55, 0.55 ], "windMode": [-1,-1,-1,-1] },
												"south": { "texture": "#seraph", "uv": [ 8.0, 4.0, 8.55, 4.55 ] },
												"west": { "texture": "#seraph", "uv": [ 9.0, 11.0, 9.55, 11.55 ] },
												"up": { "texture": "#seraph", "uv": [ 1.5, 1.0, 2.05, 1.55 ] }
											}
										},
										{
											"name": "tumor16",
											"from": [ 0.0, 5.5, 3.85 ],
											"to": [ 0.55, 6.05, 4.4 ],
											"rotationOrigin": [ 0.0, 5.5, 3.85 ],
											"faces": {
												"north": { "texture": "#seraph", "uv": [ 10.0, 12.5, 10.55, 13.05 ] },
												"south": { "texture": "#seraph", "uv": [ 8.0, 4.0, 8.55, 4.55 ] },
												"west": { "texture": "#seraph", "uv": [ 9.0, 11.0, 9.55, 11.55 ] },
												"up": { "texture": "#seraph", "uv": [ 1.5, 1.0, 2.05, 1.55 ] }
											}
										},
										{
											"name": "tumor17",
											"from": [ -0.55, 4.4, 2.75 ],
											"to": [ 0.0, 4.95, 3.3 ],
											"rotationOrigin": [ -0.55, 4.4, 2.75 ],
											"faces": {
												"north": { "texture": "#seraph", "uv": [ 10.0, 12.5, 10.55, 13.05 ] },
												"south": { "texture": "#seraph", "uv": [ 8.0, 4.0, 8.55, 4.55 ] },
												"west": { "texture": "#seraph", "uv": [ 9.0, 11.0, 9.55, 11.55 ] },
												"up": { "texture": "#seraph", "uv": [ 1.5, 1.0, 2.05, 1.55 ], "windMode": [-1,-1,-1,-1] },
												"down": { "texture": "#seraph", "uv": [ 1.5, 7.5, 2.05, 8.05 ], "windMode": [-1,-1,-1,-1] }
											}
										},
										{
											"name": "tumor18",
											"from": [ -1.1, 3.85, 4.95 ],
											"to": [ -0.55, 4.4, 5.5 ],
											"rotationOrigin": [ -1.1, 3.85, 4.95 ],
											"faces": {
												"north": { "texture": "#seraph", "uv": [ 10.0, 12.5, 10.55, 13.05 ] },
												"south": { "texture": "#seraph", "uv": [ 8.0, 4.0, 8.55, 4.55 ] },
												"west": { "texture": "#seraph", "uv": [ 9.0, 11.0, 9.55, 11.55 ] },
												"up": { "texture": "#seraph", "uv": [ 1.5, 1.0, 2.05, 1.55 ] },
												"down": { "texture": "#seraph", "uv": [ 1.5, 7.5, 2.05, 8.05 ] }
											}
										},
										{
											"name": "tumor19",
											"from": [ 0.11, 3.85, 4.95 ],
											"to": [ 1.21, 4.95, 6.05 ],
											"rotationOrigin": [ 0.66, 3.85, 5.5 ],
											"faces": {
												"north": { "texture": "#seraph", "uv": [ 12.0, 7.0, 13.1, 8.1 ] },
												"east": { "texture": "#seraph", "uv": [ 12.0, 6.5, 13.1, 7.6 ] },
												"south": { "texture": "#seraph", "uv": [ 12.5, 8.5, 13.6, 9.6 ] },
												"west": { "texture": "#seraph", "uv": [ 7.5, 10.0, 8.6, 11.1 ] },
												"up": { "texture": "#seraph", "uv": [ 8.5, 7.5, 9.6, 8.6 ] },
												"down": { "texture": "#seraph", "uv": [ 11.5, 4.5, 12.6, 5.6 ] }
											}
										},
										{
											"name": "tumor20",
											"from": [ 1.65, 6.6, 3.85 ],
											"to": [ 2.2, 7.15, 4.4 ],
											"rotationOrigin": [ 1.65, 6.6, 3.85 ],
											"faces": {
												"north": { "texture": "#seraph", "uv": [ 10.0, 12.5, 10.55, 13.05 ] },
												"east": { "texture": "#seraph", "uv": [ 0.0, 0.0, 0.55, 0.55 ] },
												"south": { "texture": "#seraph", "uv": [ 8.0, 4.0, 8.55, 4.55 ] },
												"west": { "texture": "#seraph", "uv": [ 9.0, 11.0, 9.55, 11.55 ] },
												"up": { "texture": "#seraph", "uv": [ 1.5, 1.0, 2.05, 1.55 ] }
											}
										},
										{
											"name": "tumor21",
											"from": [ 2.2, 2.75, 5.5 ],
											"to": [ 3.3, 3.85, 6.6 ],
											"rotationOrigin": [ 2.75, 2.75, 6.05 ],
											"faces": {
												"east": { "texture": "#seraph", "uv": [ 14.5, 2.5, 15.6, 3.6 ] },
												"south": { "texture": "#seraph", "uv": [ 9.5, 5.5, 10.6, 6.6 ] },
												"west": { "texture": "#seraph", "uv": [ 5.5, 9.5, 6.6, 10.6 ] },
												"up": { "texture": "#seraph", "uv": [ 10.5, 7.5, 11.6, 8.6 ] },
												"down": { "texture": "#seraph", "uv": [ 4.0, 9.0, 5.1, 10.1 ] }
											}
										}
									]
								}
							]
						}
					]
				},
				{
					"name": "Ribs",
					"from": [ -0.3, 5.2, -0.3 ],
					"to": [ 0.7, 6.2, 2.5 ],
					"rotationOrigin": [ 1.7, 6.2, -0.3 ],
					"rotationX": -176.294,
					"rotationY": -35.943,
					"rotationZ": -87.822,
					"faces": {
						"north": { "texture": "#seraph", "uv": [ 39.0, 7.5, 40.0, 8.5 ] },
						"east": { "texture": "#seraph", "uv": [ 40.0, 7.5, 42.5, 8.5 ] },
						"south": { "texture": "#seraph", "uv": [ 42.5, 7.5, 43.5, 8.5 ] },
						"west": { "texture": "#seraph", "uv": [ 43.5, 7.5, 46.0, 8.5 ] },
						"up": { "texture": "#seraph", "uv": [ 39.0, 6.5, 41.5, 7.5 ], "rotation": 90 },
						"down": { "texture": "#seraph", "uv": [ 41.5, 6.5, 44.0, 7.5 ], "rotation": 90 }
					},
					"children": [
						{
							"name": "LowerTorso8",
							"from": [ 0.0, -0.0677, 3.1393 ],
							"to": [ 0.8, 0.7323, 6.1393 ],
							"rotationOrigin": [ 2.0, 0.9323, 3.1393 ],
							"rotationX": 89.0,
							"faces": {
								"north": { "texture": "#seraph", "uv": [ 38.5, 6.0, 39.0, 6.5 ] },
								"east": { "texture": "#seraph", "uv": [ 39.0, 6.0, 42.0, 6.5 ] },
								"south": { "texture": "#seraph", "uv": [ 42.0, 6.0, 42.5, 6.5 ] },
								"west": { "texture": "#seraph", "uv": [ 42.5, 6.0, 45.5, 6.5 ] },
								"up": { "texture": "#seraph", "uv": [ 38.5, 5.5, 41.5, 6.0 ], "rotation": 90 },
								"down": { "texture": "#seraph", "uv": [ 41.5, 5.5, 44.5, 6.0 ], "rotation": 90 }
							}
						},
						{
							"name": "LowerTorso9",
							"from": [ -3.2169, -1.3374, -1.6711 ],
							"to": [ -2.2169, -0.3374, 1.1289 ],
							"rotationOrigin": [ -1.2169, -0.3374, -1.6711 ],
							"rotationX": 110.974,
							"rotationY": 1.075,
							"rotationZ": -177.199,
							"faces": {
								"north": { "texture": "#seraph", "uv": [ 39.5, 8.0, 40.5, 9.0 ] },
								"east": { "texture": "#seraph", "uv": [ 40.5, 8.0, 43.0, 9.0 ] },
								"south": { "texture": "#seraph", "uv": [ 43.0, 8.0, 44.0, 9.0 ] },
								"west": { "texture": "#seraph", "uv": [ 44.0, 8.0, 46.5, 9.0 ] },
								"up": { "texture": "#seraph", "uv": [ 39.5, 7.0, 42.0, 8.0 ], "rotation": 90 },
								"down": { "texture": "#seraph", "uv": [ 42.0, 7.0, 44.5, 8.0 ], "rotation": 90 }
							},
							"children": [
								{
									"name": "LowerTorso10",
									"from": [ 0.0, -0.0677, 3.1393 ],
									"to": [ 0.8, 0.7323, 6.1393 ],
									"rotationOrigin": [ 2.0, 0.9323, 3.1393 ],
									"rotationX": 89.0,
									"faces": {
										"north": { "texture": "#seraph", "uv": [ 39.0, 6.0, 39.5, 6.5 ] },
										"east": { "texture": "#seraph", "uv": [ 39.5, 6.0, 42.5, 6.5 ] },
										"south": { "texture": "#seraph", "uv": [ 42.5, 6.0, 43.0, 6.5 ] },
										"west": { "texture": "#seraph", "uv": [ 43.0, 6.0, 46.0, 6.5 ] },
										"up": { "texture": "#seraph", "uv": [ 39.0, 5.5, 42.0, 6.0 ], "rotation": 90 },
										"down": { "texture": "#seraph", "uv": [ 42.0, 5.5, 45.0, 6.0 ], "rotation": 90 }
									}
								}
							]
						},
						{
							"name": "LowerTorso11",
							"from": [ -1.6977, 0.0, -0.089 ],
							"to": [ -0.6977, 1.0, 2.711 ],
							"rotationOrigin": [ 0.3023, 1.0, -0.089 ],
							"faces": {
								"north": { "texture": "#seraph", "uv": [ 38.5, 7.0, 39.5, 8.0 ] },
								"east": { "texture": "#seraph", "uv": [ 39.5, 7.0, 42.0, 8.0 ] },
								"south": { "texture": "#seraph", "uv": [ 42.0, 7.0, 43.0, 8.0 ] },
								"west": { "texture": "#seraph", "uv": [ 43.0, 7.0, 45.5, 8.0 ] },
								"up": { "texture": "#seraph", "uv": [ 38.5, 6.0, 41.0, 7.0 ], "rotation": 90 },
								"down": { "texture": "#seraph", "uv": [ 41.0, 6.0, 43.5, 7.0 ], "rotation": 90 }
							},
							"children": [
								{
									"name": "LowerTorso12",
									"from": [ 0.0, -0.0677, 3.1393 ],
									"to": [ 0.8, 0.7323, 6.1393 ],
									"rotationOrigin": [ 2.0, 0.9323, 3.1393 ],
									"rotationX": 89.0,
									"faces": {
										"north": { "texture": "#seraph", "uv": [ 38.0, 5.5, 38.5, 6.0 ] },
										"east": { "texture": "#seraph", "uv": [ 38.5, 5.5, 41.5, 6.0 ] },
										"south": { "texture": "#seraph", "uv": [ 41.5, 5.5, 42.0, 6.0 ] },
										"west": { "texture": "#seraph", "uv": [ 42.0, 5.5, 45.0, 6.0 ] },
										"up": { "texture": "#seraph", "uv": [ 38.0, 5.0, 41.0, 5.5 ], "rotation": 90 },
										"down": { "texture": "#seraph", "uv": [ 41.0, 5.0, 44.0, 5.5 ], "rotation": 90 }
									}
								},
								{
									"name": "LowerTorso13",
									"from": [ -3.2169, -1.3374, -1.6711 ],
									"to": [ -2.2169, -0.3374, 1.1289 ],
									"rotationOrigin": [ -1.2169, -0.3374, -1.6711 ],
									"rotationX": 110.974,
									"rotationY": 1.075,
									"rotationZ": -177.199,
									"faces": {
										"north": { "texture": "#seraph", "uv": [ 38.5, 7.0, 39.5, 8.0 ] },
										"east": { "texture": "#seraph", "uv": [ 39.5, 7.0, 42.0, 8.0 ] },
										"south": { "texture": "#seraph", "uv": [ 42.0, 7.0, 43.0, 8.0 ] },
										"west": { "texture": "#seraph", "uv": [ 43.0, 7.0, 45.5, 8.0 ] },
										"up": { "texture": "#seraph", "uv": [ 38.5, 6.0, 41.0, 7.0 ], "rotation": 90 },
										"down": { "texture": "#seraph", "uv": [ 41.0, 6.0, 43.5, 7.0 ], "rotation": 90 }
									},
									"children": [
										{
											"name": "LowerTorso14",
											"from": [ 0.0, -0.0677, 3.1393 ],
											"to": [ 0.8, 0.7323, 6.1393 ],
											"rotationOrigin": [ 2.0, 0.9323, 3.1393 ],
											"rotationX": 89.0,
											"faces": {
												"north": { "texture": "#seraph", "uv": [ 37.0, 5.5, 37.5, 6.0 ] },
												"east": { "texture": "#seraph", "uv": [ 37.5, 5.5, 40.5, 6.0 ] },
												"south": { "texture": "#seraph", "uv": [ 40.5, 5.5, 41.0, 6.0 ] },
												"west": { "texture": "#seraph", "uv": [ 41.0, 5.5, 44.0, 6.0 ] },
												"up": { "texture": "#seraph", "uv": [ 37.0, 5.0, 40.0, 5.5 ], "rotation": 90 },
												"down": { "texture": "#seraph", "uv": [ 40.0, 5.0, 43.0, 5.5 ], "rotation": 90 }
											}
										}
									]
								},
								{
									"name": "LowerTorso15",
									"from": [ -1.4979, 0.0, -0.0785 ],
									"to": [ -0.4979, 1.0, 2.7215 ],
									"rotationOrigin": [ 0.5021, 1.0, -0.0785 ],
									"faces": {
										"north": { "texture": "#seraph", "uv": [ 38.0, 6.5, 39.0, 7.5 ] },
										"east": { "texture": "#seraph", "uv": [ 39.0, 6.5, 41.5, 7.5 ] },
										"south": { "texture": "#seraph", "uv": [ 41.5, 6.5, 42.5, 7.5 ] },
										"west": { "texture": "#seraph", "uv": [ 42.5, 6.5, 45.0, 7.5 ] },
										"up": { "texture": "#seraph", "uv": [ 38.0, 5.5, 40.5, 6.5 ], "rotation": 90 },
										"down": { "texture": "#seraph", "uv": [ 40.5, 5.5, 43.0, 6.5 ], "rotation": 90 }
									},
									"children": [
										{
											"name": "LowerTorso16",
											"from": [ 0.0, -0.0677, 3.1393 ],
											"to": [ 0.8, 0.7323, 6.1393 ],
											"rotationOrigin": [ 2.0, 0.9323, 3.1393 ],
											"rotationX": 89.0,
											"faces": {
												"north": { "texture": "#seraph", "uv": [ 36.5, 6.0, 37.0, 6.5 ] },
												"east": { "texture": "#seraph", "uv": [ 37.0, 6.0, 40.0, 6.5 ] },
												"south": { "texture": "#seraph", "uv": [ 40.0, 6.0, 40.5, 6.5 ] },
												"west": { "texture": "#seraph", "uv": [ 40.5, 6.0, 43.5, 6.5 ] },
												"up": { "texture": "#seraph", "uv": [ 36.5, 5.5, 39.5, 6.0 ], "rotation": 90 },
												"down": { "texture": "#seraph", "uv": [ 39.5, 5.5, 42.5, 6.0 ], "rotation": 90 }
											}
										},
										{
											"name": "LowerTorso17",
											"from": [ -3.2169, -1.3374, -1.6711 ],
											"to": [ -2.2169, -0.3374, 1.1289 ],
											"rotationOrigin": [ -1.2169, -0.3374, -1.6711 ],
											"rotationX": 110.974,
											"rotationY": 1.075,
											"rotationZ": -177.199,
											"faces": {
												"north": { "texture": "#seraph", "uv": [ 38.0, 6.0, 39.0, 7.0 ] },
												"east": { "texture": "#seraph", "uv": [ 39.0, 6.0, 41.5, 7.0 ] },
												"south": { "texture": "#seraph", "uv": [ 41.5, 6.0, 42.5, 7.0 ] },
												"west": { "texture": "#seraph", "uv": [ 42.5, 6.0, 45.0, 7.0 ] },
												"up": { "texture": "#seraph", "uv": [ 38.0, 5.0, 40.5, 6.0 ], "rotation": 90 },
												"down": { "texture": "#seraph", "uv": [ 40.5, 5.0, 43.0, 6.0 ], "rotation": 90 }
											},
											"children": [
												{
													"name": "LowerTorso18",
													"from": [ 0.0, -0.0677, 3.1393 ],
													"to": [ 0.8, 0.7323, 6.1393 ],
													"rotationOrigin": [ 2.0, 0.9323, 3.1393 ],
													"rotationX": 89.0,
													"faces": {
														"north": { "texture": "#seraph", "uv": [ 37.0, 5.5, 37.5, 6.0 ] },
														"east": { "texture": "#seraph", "uv": [ 37.5, 5.5, 40.5, 6.0 ] },
														"south": { "texture": "#seraph", "uv": [ 40.5, 5.5, 41.0, 6.0 ] },
														"west": { "texture": "#seraph", "uv": [ 41.0, 5.5, 44.0, 6.0 ] },
														"up": { "texture": "#seraph", "uv": [ 37.0, 5.0, 40.0, 5.5 ], "rotation": 90 },
														"down": { "texture": "#seraph", "uv": [ 40.0, 5.0, 43.0, 5.5 ], "rotation": 90 }
													}
												}
											]
										}
									]
								}
							]
						}
					]
				},
				{
					"name": "LowerTorso2",
					"from": [ -2.0, -7.0, -3.6 ],
					"to": [ 4.0, 1.0, 5.4 ],
					"rotationOrigin": [ 0.0, -7.0, -0.6 ],
					"faces": {
						"north": { "texture": "#seraph", "uv": [ 3.5, 44.5, 9.5, 52.5 ] },
						"east": { "texture": "#seraph", "uv": [ 9.5, 44.5, 18.5, 52.5 ] },
						"south": { "texture": "#seraph", "uv": [ 18.5, 44.5, 24.5, 52.5 ] },
						"west": { "texture": "#seraph", "uv": [ 24.5, 44.5, 33.5, 52.5 ] },
						"up": { "texture": "#seraph", "uv": [ 3.5, 38.5, 12.5, 44.5 ], "rotation": 90 },
						"down": { "texture": "#seraph", "uv": [ 12.5, 38.5, 21.5, 44.5 ], "rotation": 90 }
					},
					"children": [
						{
							"name": "LowerTorso3",
							"from": [ 3.0, 0.9, 1.6 ],
							"to": [ 8.9, 6.8, 8.6 ],
							"rotationOrigin": [ 5.0, 0.9, 4.6 ],
							"faces": {
								"north": { "texture": "#seraph", "uv": [ 6.5, 42.0, 12.0, 47.5 ] },
								"east": { "texture": "#seraph", "uv": [ 12.0, 42.0, 19.0, 47.5 ] },
								"south": { "texture": "#seraph", "uv": [ 19.0, 42.0, 24.5, 47.5 ] },
								"west": { "texture": "#seraph", "uv": [ 24.5, 42.0, 31.5, 47.5 ] },
								"up": { "texture": "#seraph", "uv": [ 6.5, 36.5, 13.5, 42.0 ], "rotation": 90 },
								"down": { "texture": "#seraph", "uv": [ 13.5, 36.5, 20.5, 42.0 ], "rotation": 90 }
							},
							"children": [
								{
									"name": "UpperArmR3",
									"from": [ 2.72, -5.72, 0.3 ],
									"to": [ 4.72, 1.28, 3.3 ],
									"rotationOrigin": [ 3.7181, 1.0781, 2.3 ],
									"rotationX": 67.5,
									"rotationZ": 45.0,
									"faces": {
										"north": { "texture": "#seraph", "uv": [ 2.0, 42.0, 4.0, 49.0 ] },
										"east": { "texture": "#seraph", "uv": [ 4.0, 42.0, 7.0, 49.0 ] },
										"south": { "texture": "#seraph", "uv": [ 7.0, 42.0, 9.0, 49.0 ] },
										"west": { "texture": "#seraph", "uv": [ 9.0, 42.0, 12.0, 49.0 ] },
										"up": { "texture": "#seraph", "uv": [ 2.0, 40.0, 5.0, 42.0 ], "rotation": 90 },
										"down": { "texture": "#seraph", "uv": [ 5.0, 40.0, 8.0, 42.0 ], "rotation": 90 }
									},
									"children": [
										{
											"name": "LowerArmR3",
											"from": [ -6.9, 0.7, -0.5 ],
											"to": [ 1.1, 2.7, 2.0 ],
											"rotationOrigin": [ 0.3, 1.7, 1.5 ],
											"rotationX": -90.0,
											"rotationZ": -6.0,
											"faces": {
												"north": { "texture": "#seraph", "uv": [ 35.0, 56.5, 43.0, 58.5 ], "windMode": [-1,-1,-1,-1] },
												"east": { "texture": "#seraph", "uv": [ 32.5, 56.5, 35.0, 58.5 ], "windMode": [-1,-1,-1,-1] },
												"south": { "texture": "#seraph", "uv": [ 24.5, 56.5, 32.5, 58.5 ] },
												"west": { "texture": "#seraph", "uv": [ 22.0, 56.5, 24.5, 58.5 ], "windMode": [-1,-1,-1,-1] },
												"up": { "texture": "#seraph", "uv": [ 24.5, 54.0, 32.5, 56.5 ] },
												"down": { "texture": "#seraph", "uv": [ 24.5, 58.5, 32.5, 61.0 ], "rotation": 180 }
											}
										}
									]
								},
								{
									"name": "UpperArmR4",
									"from": [ 2.18, -2.58, 4.24 ],
									"to": [ 3.78, 3.02, 6.64 ],
									"rotationOrigin": [ 2.9745, 2.8625, 5.84 ],
									"rotationX": -45.0,
									"rotationZ": 45.0,
									"faces": {
										"north": { "texture": "#seraph", "uv": [ 7.0, 43.5, 8.5, 49.0 ] },
										"east": { "texture": "#seraph", "uv": [ 8.5, 43.5, 10.5, 49.0 ] },
										"south": { "texture": "#seraph", "uv": [ 10.5, 43.5, 12.0, 49.0 ] },
										"west": { "texture": "#seraph", "uv": [ 12.0, 43.5, 14.0, 49.0 ] },
										"up": { "texture": "#seraph", "uv": [ 7.0, 42.0, 9.0, 43.5 ], "rotation": 90 },
										"down": { "texture": "#seraph", "uv": [ 9.0, 42.0, 11.0, 43.5 ], "rotation": 90 }
									},
									"children": [
										{
											"name": "LowerArmR4",
											"from": [ -5.52, 0.56, -0.4 ],
											"to": [ 0.88, 2.16, 1.6 ],
											"rotationOrigin": [ 0.24, 1.36, 1.2 ],
											"rotationX": -90.0,
											"rotationZ": -6.0,
											"faces": {
												"north": { "texture": "#seraph", "uv": [ 4.5, 61.0, 10.5, 62.5 ] },
												"east": { "texture": "#seraph", "uv": [ 10.5, 61.0, 12.5, 62.5 ] },
												"south": { "texture": "#seraph", "uv": [ 12.5, 61.0, 18.5, 62.5 ] },
												"west": { "texture": "#seraph", "uv": [ 18.5, 61.0, 20.5, 62.5 ] },
												"up": { "texture": "#seraph", "uv": [ 4.5, 55.0, 6.5, 61.0 ], "rotation": 90 },
												"down": { "texture": "#seraph", "uv": [ 6.5, 55.0, 8.5, 61.0 ], "rotation": 90 }
											}
										}
									]
								},
								{
									"name": "UpperArmR5",
									"from": [ 4.53, 0.19, 2.97 ],
									"to": [ 5.65, 4.11, 4.65 ],
									"rotationOrigin": [ 5.0821, 4.0037, 4.088 ],
									"rotationX": -180.0,
									"rotationZ": 67.5,
									"faces": {
										"north": { "texture": "#seraph", "uv": [ 10.5, 38.5, 11.5, 42.0 ] },
										"east": { "texture": "#seraph", "uv": [ 11.5, 38.5, 13.0, 42.0 ] },
										"south": { "texture": "#seraph", "uv": [ 13.0, 38.5, 14.0, 42.0 ] },
										"west": { "texture": "#seraph", "uv": [ 14.0, 38.5, 15.5, 42.0 ] },
										"up": { "texture": "#seraph", "uv": [ 10.5, 37.5, 12.0, 38.5 ], "rotation": 90 },
										"down": { "texture": "#seraph", "uv": [ 12.0, 37.5, 13.5, 38.5 ], "rotation": 90 }
									},
									"children": [
										{
											"name": "LowerArmR5",
											"from": [ -3.864, 0.392, -0.28 ],
											"to": [ 0.616, 1.512, 1.12 ],
											"rotationOrigin": [ 0.168, 0.952, 0.84 ],
											"rotationX": -90.0,
											"rotationZ": -6.0,
											"faces": {
												"north": { "texture": "#seraph", "uv": [ 35.0, 60.5, 39.0, 61.5 ] },
												"east": { "texture": "#seraph", "uv": [ 39.0, 60.5, 40.0, 61.5 ] },
												"south": { "texture": "#seraph", "uv": [ 40.0, 60.5, 44.0, 61.5 ] },
												"west": { "texture": "#seraph", "uv": [ 44.0, 60.5, 45.0, 61.5 ] },
												"up": { "texture": "#seraph", "uv": [ 35.0, 56.5, 36.0, 60.5 ], "rotation": 90 },
												"down": { "texture": "#seraph", "uv": [ 36.0, 56.5, 37.0, 60.5 ], "rotation": 90 }
											}
										}
									]
								}
							]
						},
						{
							"name": "UpperArmR6",
							"from": [ 1.72, -4.82, 3.9 ],
							"to": [ 3.72, 2.18, 6.9 ],
							"rotationOrigin": [ 2.7181, 1.9781, 5.9 ],
							"rotationX": -22.5,
							"rotationY": -22.5,
							"rotationZ": 22.5,
							"faces": {
								"north": { "texture": "#seraph", "uv": [ 5.0, 43.5, 7.0, 50.5 ] },
								"east": { "texture": "#seraph", "uv": [ 7.0, 43.5, 10.0, 50.5 ] },
								"south": { "texture": "#seraph", "uv": [ 10.0, 43.5, 12.0, 50.5 ] },
								"west": { "texture": "#seraph", "uv": [ 12.0, 43.5, 15.0, 50.5 ] },
								"up": { "texture": "#seraph", "uv": [ 5.0, 41.5, 8.0, 43.5 ], "rotation": 90 },
								"down": { "texture": "#seraph", "uv": [ 8.0, 41.5, 11.0, 43.5 ], "rotation": 90 }
							},
							"children": [
								{
									"name": "LowerArmR6",
									"from": [ -6.9, 0.7, -0.5 ],
									"to": [ 1.1, 2.7, 2.0 ],
									"rotationOrigin": [ 0.3, 1.7, 1.5 ],
									"rotationX": -90.0,
									"rotationY": -45.0,
									"rotationZ": -6.0,
									"faces": {
										"north": { "texture": "#seraph", "uv": [ 26.5, 61.5, 34.5, 63.5 ] },
										"east": { "texture": "#seraph", "uv": [ 34.5, 61.5, 37.0, 63.5 ] },
										"south": { "texture": "#seraph", "uv": [ 37.0, 61.5, 45.0, 63.5 ] },
										"west": { "texture": "#seraph", "uv": [ 45.0, 61.5, 47.5, 63.5 ] },
										"up": { "texture": "#seraph", "uv": [ 26.5, 53.5, 29.0, 61.5 ], "rotation": 90 },
										"down": { "texture": "#seraph", "uv": [ 29.0, 53.5, 31.5, 61.5 ], "rotation": 90 }
									}
								}
							]
						},
						{
							"name": "UpperArmR7",
							"from": [ 2.18, -4.68, -0.16 ],
							"to": [ 3.78, 0.92, 2.24 ],
							"rotationOrigin": [ 2.9745, 0.7625, 1.44 ],
							"rotationX": 33.0,
							"rotationY": 6.0,
							"rotationZ": 22.0,
							"faces": {
								"north": { "texture": "#seraph", "uv": [ 11.0, 40.5, 12.5, 46.0 ] },
								"east": { "texture": "#seraph", "uv": [ 12.5, 40.5, 14.5, 46.0 ] },
								"south": { "texture": "#seraph", "uv": [ 14.5, 40.5, 16.0, 46.0 ] },
								"west": { "texture": "#seraph", "uv": [ 16.0, 40.5, 18.0, 46.0 ] },
								"up": { "texture": "#seraph", "uv": [ 11.0, 39.0, 13.0, 40.5 ], "rotation": 90 },
								"down": { "texture": "#seraph", "uv": [ 13.0, 39.0, 15.0, 40.5 ], "rotation": 90 }
							},
							"children": [
								{
									"name": "LowerArmR7",
									"from": [ -5.52, 0.56, -0.4 ],
									"to": [ 0.88, 2.16, 1.6 ],
									"rotationOrigin": [ 0.24, 1.36, 1.2 ],
									"rotationX": -90.0,
									"rotationY": -44.0,
									"rotationZ": -6.0,
									"faces": {
										"north": { "texture": "#seraph", "uv": [ 5.0, 60.5, 11.0, 62.0 ] },
										"east": { "texture": "#seraph", "uv": [ 11.0, 60.5, 13.0, 62.0 ] },
										"south": { "texture": "#seraph", "uv": [ 13.0, 60.5, 19.0, 62.0 ] },
										"west": { "texture": "#seraph", "uv": [ 19.0, 60.5, 21.0, 62.0 ] },
										"up": { "texture": "#seraph", "uv": [ 5.0, 54.5, 7.0, 60.5 ], "rotation": 90 },
										"down": { "texture": "#seraph", "uv": [ 7.0, 54.5, 9.0, 60.5 ], "rotation": 90 }
									}
								}
							]
						}
					]
				}
			]
		}
	],
	"animations": [
		{
			"name": "idle",
			"code": "idle",
			"quantityframes": 30,
			"onActivityStopped": "EaseOut",
			"onAnimationEnd": "Repeat",
			"keyframes": [
				{
					"frame": 0,
					"elements": {
						"LowerTorso3": { "offsetX": 0.2, "offsetY": 0.0, "offsetZ": -0.0 },
						"UpperArmR3": { "rotationX": 0.0, "rotationY": 0.0, "rotationZ": 0.0 },
						"LowerArmR3": { "rotationX": 0.0, "rotationY": 0.0, "rotationZ": 0.0 },
						"UpperArmR5": { "rotationX": 0.0, "rotationY": 0.0, "rotationZ": 0.0 },
						"LowerArmR5": { "rotationX": 0.0, "rotationY": 0.0, "rotationZ": 0.0 },
						"UpperArmR6": { "rotationX": 0.0, "rotationY": 0.0, "rotationZ": 0.0 },
						"LowerArmR6": { "rotationX": 0.0, "rotationY": 0.0, "rotationZ": 0.0 },
						"UpperArmR7": { "rotationX": 0.0, "rotationY": 0.0, "rotationZ": 0.0 },
						"LowerArmR7": { "rotationX": 0.0, "rotationY": 0.0, "rotationZ": 0.0 },
						"Spine": { "rotationX": 0.0, "rotationY": 0.0, "rotationZ": 0.0 }
					}
				},
				{
					"frame": 11,
					"elements": {

					}
				},
				{
					"frame": 15,
					"elements": {
						"LowerTorso3": { "offsetX": 0.0, "offsetY": -0.0, "offsetZ": 0.0 },
						"UpperArmR3": { "rotationX": 0.0, "rotationY": 0.0, "rotationZ": 3.0 },
						"LowerArmR3": { "rotationX": 0.0, "rotationY": 4.0, "rotationZ": 0.0 },
						"UpperArmR5": { "rotationX": 0.0, "rotationY": 0.0, "rotationZ": 4.0 },
						"LowerArmR5": { "rotationX": 0.0, "rotationY": 4.0, "rotationZ": 0.0 },
						"UpperArmR6": { "rotationX": 0.0, "rotationY": 0.0, "rotationZ": 3.0 },
						"LowerArmR6": { "rotationX": 0.0, "rotationY": 4.0, "rotationZ": 0.0 },
						"UpperArmR7": { "rotationX": 0.0, "rotationY": 0.0, "rotationZ": 8.0 },
						"LowerArmR7": { "rotationX": 0.0, "rotationY": 11.0, "rotationZ": 0.0 },
						"Spine": { "rotationX": 0.0, "rotationY": 0.0, "rotationZ": 1.0 }
					}
				}
			]
		},

		{
			"name": "walk",
			"code": "walk",
			"quantityframes": 40,
			"onActivityStopped": "Rewind",
			"onAnimationEnd": "Repeat",
			"keyframes": [
				{
					"frame": 0,
					"elements": {
						"Spine2": { "rotationX": 0.0, "rotationY": 4.0, "rotationZ": -1.0 },
						"UpperArmR2": { "rotationX": 0.0, "rotationY": -17.0, "rotationZ": -17.0 },
						"LowerArmR": { "rotationX": 8.0, "rotationY": -6.0, "rotationZ": -3.0 },
						"UpperArmL": { "rotationX": 0.0, "rotationY": 0.0, "rotationZ": 33.0 },
						"UpperArmL10": { "rotationX": -3.0, "rotationY": 22.0, "rotationZ": 6.0 }
					}
				},
				{
					"frame": 10,
					"elements": {
						"Spine2": { "rotationX": 0.0, "rotationY": 0.0, "rotationZ": 0.0 },
						"UpperArmR2": { "rotationX": 0.0, "rotationY": 3.0, "rotationZ": -6.0 },
						"LowerArmR": { "rotationX": 0.0, "rotationY": 0.0, "rotationZ": 0.0 },
						"UpperArmL": { "rotationX": 0.0, "rotationY": 3.0, "rotationZ": 36.0 },
						"UpperArmL10": { "rotationX": -6.0, "rotationY": 14.0, "rotationZ": -3.0 }
					}
				},
				{
					"frame": 20,
					"elements": {
						"Spine2": { "rotationX": 0.0, "rotationY": -3.0, "rotationZ": -1.0 },
						"UpperArmL": { "rotationX": -8.0, "rotationY": 22.0, "rotationZ": 14.0 },
						"UpperArmL10": { "rotationX": -3.0, "rotationY": 22.0, "rotationZ": 6.0 },
						"UpperArmR2": { "rotationX": 0.0, "rotationY": 3.0, "rotationZ": 17.0 },
						"LowerArmR": { "rotationX": 0.0, "rotationY": 0.0, "rotationZ": -33.0 }
					}
				},
				{
					"frame": 30,
					"elements": {
						"Spine2": { "rotationX": 0.0, "rotationY": 0.0, "rotationZ": 0.0 },
						"UpperArmL": { "rotationX": -8.0, "rotationY": -6.0, "rotationZ": 3.0 },
						"UpperArmL10": { "rotationX": -3.0, "rotationY": 14.0, "rotationZ": 6.0 },
						"UpperArmR2": { "rotationX": 0.0, "rotationY": 3.0, "rotationZ": 53.0 },
						"LowerArmR": { "rotationX": 0.0, "rotationY": 0.0, "rotationZ": -75.0 }
					}
				}
			]
		},

		{
			"name": "die",
			"code": "die",
			"quantityframes": 36,
			"onActivityStopped": "PlayTillEnd",
			"onAnimationEnd": "Hold",
			"keyframes": [
				{
					"frame": 0,
					"elements": {
						"Spine": { "rotationX": 0.0, "rotationY": 0.0, "rotationZ": 0.0 },
						"UpperArmL": { "rotationX": 0.0, "rotationY": 0.0, "rotationZ": 0.0 },
						"UpperArmR2": { "rotationX": 0.0, "rotationY": 0.0, "rotationZ": 0.0 },
						"LowerTorso3": { "offsetX": 0.0, "offsetY": 0.0, "offsetZ": 0.0 },
						"UpperArmR3": { "rotationX": 0.0, "rotationY": 0.0, "rotationZ": 0.0 },
						"LowerArmR3": { "rotationX": 0.0, "rotationY": 0.0, "rotationZ": 0.0 },
						"UpperArmR4": { "rotationX": 0.0, "rotationY": 0.0, "rotationZ": 0.0 },
						"LowerArmR4": { "rotationX": 0.0, "rotationY": 0.0, "rotationZ": 0.0 },
						"UpperArmR5": { "rotationX": 0.0, "rotationY": 0.0, "rotationZ": 0.0 },
						"LowerArmR5": { "rotationX": 0.0, "rotationY": 0.0, "rotationZ": 0.0 },
						"UpperArmR6": { "rotationX": 0.0, "rotationY": 0.0, "rotationZ": 0.0 },
						"LowerArmR6": { "rotationX": 0.0, "rotationY": 0.0, "rotationZ": 0.0 },
						"UpperArmR7": { "rotationX": 0.0, "rotationY": 0.0, "rotationZ": 0.0 },
						"LowerArmR7": { "rotationX": 0.0, "rotationY": 0.0, "rotationZ": 0.0 }
					}
				},
				{
					"frame": 10,
					"elements": {
						"Spine": { "rotationX": 0.0, "rotationY": 0.0, "rotationZ": -11.0 },
						"UpperArmL": { "rotationX": 0.0, "rotationY": -14.0, "rotationZ": 8.0 },
						"UpperArmR2": { "rotationX": 0.0, "rotationY": 17.0, "rotationZ": 0.0 },
						"origin": { "offsetX": -1.0, "offsetY": 1.0, "offsetZ": 0.0, "rotationX": 0.0, "rotationY": 0.0, "rotationZ": -42.0 },
						"LowerTorso3": { "offsetX": 0.5, "offsetY": -0.0, "offsetZ": 0.0 },
						"UpperArmR3": { "rotationX": 0.0, "rotationY": 0.0, "rotationZ": 30.0 },
						"LowerArmR3": { "rotationX": 0.0, "rotationY": -66.0, "rotationZ": 0.0 },
						"UpperArmR4": { "rotationX": 0.0, "rotationY": 0.0, "rotationZ": 42.0 },
						"LowerArmR4": { "rotationX": 0.0, "rotationY": -69.0, "rotationZ": 0.0 },
						"UpperArmR5": { "rotationX": 0.0, "rotationY": 0.0, "rotationZ": 14.0 },
						"LowerArmR5": { "rotationX": 0.0, "rotationY": -66.0, "rotationZ": 0.0 },
						"UpperArmR6": { "rotationX": 0.0, "rotationY": 0.0, "rotationZ": -28.0 },
						"LowerArmR6": { "rotationX": 0.0, "rotationY": -47.0, "rotationZ": 0.0 },
						"UpperArmR7": { "rotationX": 0.0, "rotationY": 0.0, "rotationZ": -22.0 },
						"LowerArmR7": { "rotationX": 0.0, "rotationY": -50.0, "rotationZ": 0.0 }
					}
				},
				{
					"frame": 35,
					"elements": {
						"Spine": { "rotationX": 0.0, "rotationY": 0.0, "rotationZ": 11.0 },
						"UpperArmL": { "rotationX": 0.0, "rotationY": 14.0, "rotationZ": 0.0 },
						"UpperArmL10": { "rotationX": 0.0, "rotationY": 19.0, "rotationZ": 0.0 },
						"UpperArmR2": { "rotationX": 0.0, "rotationY": -6.0, "rotationZ": 0.0 },
						"LowerArmR": { "rotationX": 17.0, "rotationY": -11.0, "rotationZ": 3.0 },
						"origin": { "offsetX": 0.0, "offsetY": 0.0, "offsetZ": 0.0, "rotationX": 0.0, "rotationY": 0.0, "rotationZ": 36.0 },
						"UpperArmR3": { "rotationX": 0.0, "rotationY": 0.0, "rotationZ": 11.0 },
						"LowerArmR3": { "rotationX": 0.0, "rotationY": 44.0, "rotationZ": 0.0 },
						"UpperArmR4": { "rotationX": 0.0, "rotationY": 0.0, "rotationZ": 6.0 },
						"LowerArmR4": { "rotationX": 0.0, "rotationY": 47.0, "rotationZ": 0.0 },
						"UpperArmR5": { "rotationX": 0.0, "rotationY": 0.0, "rotationZ": -8.0 },
						"LowerArmR5": { "rotationX": 0.0, "rotationY": 39.0, "rotationZ": 0.0 }
					}
				}
			]
		},

		{
			"name": "attack",
			"code": "attack",
			"quantityframes": 30,
			"onActivityStopped": "Stop",
			"onAnimationEnd": "EaseOut",
			"keyframes": [
				{
					"frame": 0,
					"elements": {
						"Spine2": { "rotationX": 0.0, "rotationY": 0.0, "rotationZ": 0.0 },
						"LowerTorso2": { "offsetX": 0.0, "offsetY": 0.0, "offsetZ": 0.0, "rotationX": 0.0, "rotationY": 0.0, "rotationZ": 0.0 },
						"Spine": { "rotationX": 0.0, "rotationY": 0.0, "rotationZ": 0.0 },
						"UpperArmL": { "rotationX": 0.0, "rotationY": 0.0, "rotationZ": 0.0 },
						"UpperArmL10": { "rotationX": 0.0, "rotationY": 19.0, "rotationZ": -3.0 },
						"UpperArmR2": { "rotationX": 0.0, "rotationY": 0.0, "rotationZ": 0.0 },
						"LowerArmR": { "rotationX": 0.0, "rotationY": 0.0, "rotationZ": 0.0 }
					}
				},
				{
					"frame": 10,
					"elements": {
						"Spine2": { "rotationX": 0.0, "rotationY": 0.0, "rotationZ": -50.0 },
						"LowerTorso2": { "offsetX": 4.6, "offsetY": -4.0, "offsetZ": 0.0, "rotationX": 0.0, "rotationY": 0.0, "rotationZ": 50.0 },
						"Spine": { "rotationX": 0.0, "rotationY": 0.0, "rotationZ": -22.0 },
						"UpperArmL": { "rotationX": 3.0, "rotationY": 47.0, "rotationZ": 17.0 },
						"UpperArmL10": { "rotationX": -19.0, "rotationY": 14.0, "rotationZ": 8.0 },
						"UpperArmR2": { "rotationX": 0.0, "rotationY": -33.0, "rotationZ": -6.0 },
						"LowerArmR": { "rotationX": 33.0, "rotationY": -25.0, "rotationZ": 0.0 }
					}
				},
				{
					"frame": 15,
					"elements": {
						"Spine2": { "rotationX": 0.0, "rotationY": 0.0, "rotationZ": 11.0 },
						"Spine": { "rotationX": 0.0, "rotationY": 0.0, "rotationZ": 0.0 },
						"UpperArmL": { "rotationX": 1.5, "rotationY": 23.5, "rotationZ": 0.0 },
						"UpperArmL10": { "rotationX": 0.0, "rotationY": 0.0, "rotationZ": 0.0 },
						"UpperArmR2": { "rotationX": 0.0, "rotationY": -8.0, "rotationZ": 0.0 },
						"LowerArmR": { "rotationX": 17.0, "rotationY": 0.0, "rotationZ": -11.0 },
						"LowerTorso2": { "offsetX": -1.5, "offsetY": 0.2, "offsetZ": 0.0, "rotationX": 0.0, "rotationY": 0.0, "rotationZ": -11.0 }
					}
				}
			]
		}
	]
}